photo,author,licence,top1,top2,top3,p1,p2,p3
golden retriever,Janneke Vreugdenhil,public domain,golden_retriever,Labrador_retriever,kuvasz,0.923,0.042,0.031
tabby kitten,David Corby,CC BY 2.5,tabby,Egyptian_cat,tiger_cat,0.397,0.322,0.233
lion,Kevin Pluck,CC BY 2.0,lion,cheetah,collie,1.0,0.0,0.0
zebra,Paul Maritz,CC BY 2.5,zebra,prairie_chicken,hartebeest,1.0,0.0,0.0
African elephant,Muhammad Mahdi Karim,GFDL 1.2,African_elephant,tusker,Indian_elephant,0.886,0.066,0.037
lemon,Andre Karwath,CC BY-SA 2.5,lemon,orange,jackfruit,0.986,0.014,0.0
banana,Evan-Amos,CC BY-SA 3.0,banana,hook,orange,1.0,0.0,0.0
coffee mug,Jackie Taffinder,CC BY-SA 3.0,coffee_mug,cup,lotion,0.593,0.106,0.042
baguettes (bread),jules / stonesoup,CC BY 2.0,French_loaf,corn,hotdog,1.0,0.0,0.0
hamburger,Len Rizzi,public domain,cheeseburger,bagel,guacamole,0.997,0.002,0.0
tomato,Softeis,CC BY-SA 3.0,hip,strawberry,candle,0.428,0.223,0.041
