,she,advised,him,to,talk,about,his,life,in,america,.
elle,0.008000694,0.14431979,0.6152282,0.22993585,0.0012239964,0.0011756284,3.4299485e-06,1.34561105e-05,1.7678532e-05,9.3997534e-07,8.033091e-05
lui,1.05708195e-05,0.001081513,0.87551445,0.12309069,0.00018673917,8.522678e-05,5.252933e-07,4.024889e-06,3.3158708e-06,1.3367503e-06,2.1572061e-05
conseilla,2.3670502e-06,5.6711448e-05,0.031232435,0.9259687,0.013380247,0.028678674,5.801384e-06,8.479939e-05,0.00036021357,1.9214347e-06,0.00022815558
de,1.3376037e-05,8.875678e-05,0.03353848,0.81051856,0.08509458,0.055319335,0.00024455172,0.0011689177,0.0053466195,1.2390872e-05,0.008654345
parler,1.18266335e-07,6.5312287e-07,4.0214334e-05,0.0065816133,0.0106201945,0.88249207,0.00093725615,0.006633461,0.064758964,5.610131e-06,0.027929792
de,5.915605e-07,5.595139e-07,2.2103082e-05,0.00037152087,0.001048508,0.14324698,0.00040475294,0.009965217,0.78908485,1.5223437e-05,0.05583967
sa,9.972535e-08,4.426738e-08,7.689734e-08,1.4143146e-06,2.6243044e-06,0.0077872085,0.00026437698,0.10069404,0.81438786,3.0969804e-05,0.07683131
vie,1.2093204e-07,7.2841516e-08,7.465518e-07,6.549272e-06,3.4921723e-06,0.000755784,4.361177e-05,0.025848132,0.88631314,1.7213582e-05,0.087011196
en,2.0076716e-07,2.7705564e-08,1.6185352e-07,3.8791333e-07,3.653105e-08,2.7647538e-05,2.9372748e-07,9.3288996e-05,0.02723877,2.2828099e-05,0.9726164
amérique,1.1368769e-06,1.0537495e-07,7.355736e-07,1.1610722e-06,5.6833625e-07,1.1354494e-05,1.4115762e-06,0.0003879302,0.011830532,7.719311e-05,0.9876879
.,4.0714625e-08,3.1033052e-09,2.6329436e-08,8.742672e-08,2.92035e-09,2.9354646e-07,1.0577109e-09,9.166152e-07,0.0002852713,6.1781044e-08,0.99971324
<end>,4.8151902e-05,4.0437735e-06,3.148833e-05,8.919634e-06,7.1102903e-07,3.7751722e-06,3.391281e-07,1.8066755e-06,7.2142146e-05,1.3596207e-06,0.9998272
