0,1,2,3,4,5,6,7,8,9,10,11,12,13,14,15,16,17,18,19,20,21,22,23,24,25,26,27
1.0,1.0,1.0,1.0,1.0,1.0,1.0,1.0,1.0,1.0,1.0,1.0,0.99997,0.99997,0.99999,0.99999,1.0,1.0,1.0,1.0,1.0,1.0,1.0,1.0,1.0,1.0,1.0,1.0
1.0,1.0,1.0,1.0,0.99999,0.99996,0.9999,0.99979,0.9997,0.99941,0.99913,0.99879,0.99853,0.99849,0.9986,0.9986,0.99871,0.99894,0.99923,0.99953,0.99966,0.99981,0.99993,0.99997,1.0,1.0,1.0,1.0
1.0,1.0,0.99999,0.99997,0.99989,0.99977,0.99944,0.99879,0.9977,0.9959,0.99299,0.98917,0.98497,0.9802,0.97694,0.97414,0.97453,0.97681,0.98127,0.98673,0.99181,0.99551,0.99784,0.99907,0.99974,0.99993,1.0,1.0
1.0,1.0,0.99996,0.99989,0.99971,0.99911,0.99773,0.99494,0.98989,0.98266,0.97293,0.96076,0.94737,0.9339,0.92296,0.9152,0.916,0.92443,0.93844,0.95509,0.97097,0.98363,0.99124,0.9963,0.9986,0.99963,0.99996,1.0
1.0,0.99999,0.99991,0.99967,0.99864,0.99551,0.98911,0.97836,0.96056,0.93671,0.90461,0.86474,0.82116,0.77637,0.74364,0.72561,0.72961,0.75483,0.79811,0.84751,0.89563,0.93503,0.9625,0.98187,0.99207,0.99759,0.99963,0.99997
1.0,0.99999,0.99983,0.99896,0.99497,0.98616,0.96971,0.94311,0.90486,0.85323,0.79039,0.7184,0.6456,0.57767,0.5301,0.5043,0.5088,0.54563,0.60747,0.68983,0.77496,0.847,0.90614,0.94777,0.97407,0.99104,0.99833,0.99993
1.0,0.99997,0.99961,0.99764,0.98961,0.97296,0.94373,0.89927,0.83819,0.7616,0.67049,0.57374,0.4909,0.4209,0.37583,0.35646,0.36527,0.40309,0.47077,0.56659,0.67439,0.77199,0.85556,0.91636,0.9573,0.98391,0.99634,0.99967
0.99999,0.99971,0.9988,0.99404,0.98033,0.95384,0.91016,0.847,0.76203,0.65996,0.5466,0.4458,0.37236,0.32341,0.29896,0.28803,0.29399,0.32069,0.37783,0.4729,0.59151,0.70983,0.81271,0.89321,0.94543,0.97863,0.99514,0.9996
0.99997,0.99946,0.99693,0.98946,0.97173,0.93886,0.88463,0.80569,0.70443,0.58507,0.4715,0.39316,0.35419,0.34054,0.3403,0.33627,0.33161,0.33647,0.36981,0.44591,0.5611,0.68554,0.79803,0.88607,0.94477,0.97896,0.99553,0.99971
0.99993,0.9992,0.99597,0.9874,0.96829,0.93103,0.86973,0.77996,0.66386,0.53921,0.4436,0.39704,0.39601,0.41419,0.43213,0.42654,0.40306,0.38309,0.39373,0.45483,0.56523,0.6914,0.80166,0.89097,0.95209,0.98363,0.99624,0.99967
0.99993,0.9992,0.9959,0.98784,0.9697,0.92929,0.86226,0.76144,0.63727,0.51791,0.4424,0.4303,0.45827,0.49497,0.50854,0.4922,0.44599,0.40701,0.41093,0.47643,0.5883,0.71251,0.81766,0.90244,0.9612,0.9899,0.99771,0.99977
0.99993,0.99934,0.99686,0.99039,0.97311,0.93017,0.85574,0.74427,0.61634,0.5082,0.45247,0.46284,0.5065,0.53406,0.53666,0.4977,0.42927,0.3942,0.41427,0.49824,0.6162,0.7381,0.83796,0.91189,0.96584,0.99376,0.99866,0.99984
0.99997,0.99959,0.99801,0.99309,0.97603,0.92811,0.84567,0.72814,0.59991,0.50077,0.46197,0.4841,0.51944,0.5161,0.49974,0.4344,0.36456,0.35947,0.40937,0.51257,0.63946,0.75713,0.84849,0.91553,0.96567,0.99509,0.99921,0.9999
0.99999,0.99976,0.99899,0.99504,0.97741,0.92193,0.83329,0.71167,0.58793,0.49891,0.46787,0.484,0.48829,0.45154,0.41583,0.33744,0.29866,0.33283,0.4064,0.52231,0.65334,0.7653,0.84951,0.91307,0.96239,0.99434,0.99926,0.99993
0.99999,0.9999,0.99946,0.99577,0.97476,0.91117,0.81803,0.70127,0.587,0.50806,0.47514,0.46957,0.4339,0.38421,0.33716,0.27567,0.27607,0.33269,0.41339,0.53054,0.65716,0.75997,0.84264,0.90807,0.95857,0.99256,0.99919,0.99994
0.99997,0.99997,0.99946,0.99543,0.97109,0.89953,0.8088,0.70019,0.59801,0.5285,0.48871,0.46183,0.41183,0.35981,0.31141,0.27234,0.30121,0.35856,0.4295,0.54009,0.65327,0.75159,0.83489,0.90314,0.95666,0.99106,0.99884,0.99989
0.99999,0.99993,0.99921,0.994,0.9638,0.88844,0.80284,0.70636,0.61841,0.55943,0.51946,0.48606,0.44094,0.38977,0.34383,0.31953,0.348,0.38796,0.45194,0.54876,0.65123,0.74706,0.83291,0.9044,0.95754,0.98989,0.99841,0.99983
1.0,0.9999,0.99899,0.99164,0.95666,0.87951,0.7982,0.71333,0.64343,0.59666,0.56307,0.5368,0.497,0.4404,0.39279,0.37154,0.37783,0.4043,0.46707,0.55607,0.65487,0.75251,0.83923,0.90989,0.9595,0.9889,0.99821,0.9998
0.99996,0.99989,0.99824,0.98809,0.94867,0.87219,0.7924,0.7158,0.65579,0.61501,0.58656,0.56334,0.52194,0.46651,0.41283,0.38109,0.37387,0.40616,0.4741,0.56467,0.66853,0.76827,0.85237,0.91956,0.96386,0.98939,0.99846,0.99987
0.99999,0.99986,0.99769,0.98499,0.94307,0.86859,0.78564,0.70527,0.64126,0.5945,0.56181,0.53386,0.49237,0.43517,0.38626,0.35441,0.35633,0.40674,0.48499,0.58541,0.69597,0.79559,0.8744,0.93324,0.97069,0.99121,0.9987,0.99991
1.0,0.99984,0.99726,0.98354,0.94374,0.87029,0.78297,0.69443,0.61586,0.55023,0.49907,0.45691,0.4135,0.36384,0.32939,0.32371,0.35249,0.42454,0.52169,0.63787,0.7471,0.8357,0.90297,0.94983,0.9782,0.99327,0.99897,0.99997
0.99999,0.99989,0.99757,0.98531,0.95053,0.8862,0.79851,0.70447,0.61119,0.52656,0.45153,0.38906,0.33863,0.30406,0.29846,0.3271,0.38757,0.48529,0.59947,0.71514,0.8124,0.8841,0.93493,0.96721,0.98581,0.9958,0.99934,0.99999
0.99999,0.99994,0.99831,0.99006,0.96621,0.91574,0.84041,0.74796,0.65166,0.55846,0.4749,0.40866,0.36291,0.34591,0.3638,0.41786,0.49764,0.60199,0.71026,0.80659,0.8801,0.93006,0.96203,0.9816,0.99204,0.9977,0.99969,0.99999
1.0,0.99999,0.9992,0.9951,0.9832,0.95499,0.90223,0.82867,0.74307,0.65131,0.56567,0.50271,0.46646,0.46284,0.49181,0.55417,0.63733,0.731,0.81744,0.88704,0.93503,0.96509,0.98164,0.99136,0.99661,0.99919,0.99987,1.0
1.0,1.0,0.9998,0.99847,0.99464,0.98473,0.96327,0.92917,0.88193,0.82666,0.77069,0.72401,0.69824,0.69774,0.71864,0.7585,0.81026,0.863,0.9097,0.94657,0.97014,0.98464,0.99251,0.99671,0.9989,0.99981,0.99997,1.0
1.0,1.0,0.99996,0.99981,0.99883,0.9958,0.98901,0.97713,0.95996,0.9383,0.91517,0.89743,0.8873,0.88756,0.89616,0.91084,0.9281,0.9465,0.96426,0.97824,0.98753,0.9939,0.99677,0.99867,0.9996,0.99996,0.99999,1.0
1.0,1.0,1.0,0.99999,0.9996,0.99843,0.99583,0.99123,0.98489,0.97647,0.96777,0.96061,0.95683,0.95704,0.96091,0.9676,0.97454,0.98131,0.98829,0.99289,0.9961,0.99794,0.99904,0.9997,0.99994,0.99999,1.0,1.0
1.0,1.0,1.0,1.0,0.99996,0.99991,0.99966,0.99937,0.99901,0.9986,0.99763,0.99704,0.99633,0.99553,0.9952,0.9956,0.9964,0.99733,0.99839,0.9991,0.99953,0.99979,0.9999,0.99997,1.0,1.0,1.0,1.0
