word,group,e1,e2
great,positive,0.1611,-0.0332
excellent,positive,0.2756,-0.0763
wonderful,positive,0.2215,-0.1319
best,positive,0.1303,-0.1126
perfect,positive,0.2311,-0.129
loved,positive,0.2187,0.0174
brilliant,positive,0.1956,-0.1823
amazing,positive,0.2207,0.0219
worst,negative,-0.5031,0.2698
awful,negative,-0.4147,0.1875
waste,negative,-0.4925,0.2506
boring,negative,-0.2501,-0.0456
terrible,negative,-0.279,0.1135
bad,negative,-0.2218,0.0363
poor,negative,-0.1259,0.0871
horrible,negative,-0.2701,0.1294
the,neutral,0.0157,0.0093
and,neutral,0.0219,-0.0157
movie,neutral,-0.0155,0.0457
film,neutral,0.0154,0.0035
actor,neutral,0.0153,0.0684
story,neutral,-0.0027,-0.029
was,neutral,-0.0576,0.0425
of,neutral,-0.0018,0.0118
