pair,query_pos,query,predicts,key_pos,key,weight,head1,head2,head3,head4
0,0,<start>,tom,0,tom,0.9065,0.6604,0.9941,0.9741,0.9975
0,0,<start>,tom,1,likes,0.09,0.3293,0.0051,0.0234,0.0021
0,0,<start>,tom,2,to,0.0008,0.0021,0.0001,0.0011,0.0001
0,0,<start>,tom,3,eat,0.0005,0.0017,0.0,0.0003,0.0
0,0,<start>,tom,4,ice,0.0005,0.0006,0.0006,0.0007,0.0001
0,0,<start>,tom,5,cream,0.0012,0.0044,0.0,0.0003,0.0002
0,0,<start>,tom,6,.,0.0004,0.0016,0.0,0.0001,0.0
0,1,tom,aime,0,tom,0.0116,0.0008,0.0045,0.0401,0.0009
0,1,tom,aime,1,likes,0.8837,0.9263,0.9884,0.6255,0.9946
0,1,tom,aime,2,to,0.0443,0.0185,0.0004,0.1557,0.0028
0,1,tom,aime,3,eat,0.0499,0.0391,0.0051,0.1544,0.0012
0,1,tom,aime,4,ice,0.0021,0.0026,0.0006,0.0049,0.0003
0,1,tom,aime,5,cream,0.0073,0.0114,0.0008,0.0168,0.0002
0,1,tom,aime,6,.,0.001,0.0012,0.0002,0.0027,0.0001
0,2,aime,bien,0,tom,0.0277,0.0495,0.0132,0.014,0.0339
0,2,aime,bien,1,likes,0.0586,0.0192,0.0302,0.0332,0.1518
0,2,aime,bien,2,to,0.1957,0.1383,0.0085,0.0671,0.5687
0,2,aime,bien,3,eat,0.4167,0.5625,0.5659,0.2994,0.2391
0,2,aime,bien,4,ice,0.1574,0.0243,0.3736,0.2272,0.0047
0,2,aime,bien,5,cream,0.1353,0.1947,0.0076,0.3377,0.001
0,2,aime,bien,6,.,0.0087,0.0115,0.001,0.0214,0.0007
0,3,bien,manger,0,tom,0.0381,0.0117,0.0478,0.0007,0.0921
0,3,bien,manger,1,likes,0.0193,0.0025,0.0084,0.0014,0.0651
0,3,bien,manger,2,to,0.1317,0.0469,0.0495,0.2067,0.2238
0,3,bien,manger,3,eat,0.362,0.2387,0.6392,0.2471,0.3232
0,3,bien,manger,4,ice,0.1638,0.1669,0.0777,0.1296,0.2812
0,3,bien,manger,5,cream,0.2737,0.5282,0.1597,0.3967,0.0101
0,3,bien,manger,6,.,0.0113,0.0052,0.0177,0.0177,0.0045
0,4,manger,de,0,tom,0.0091,0.0092,0.0168,0.0011,0.0094
0,4,manger,de,1,likes,0.0002,0.0002,0.0003,0.0,0.0
0,4,manger,de,2,to,0.0234,0.001,0.0006,0.0218,0.0702
0,4,manger,de,3,eat,0.0475,0.0115,0.0269,0.0207,0.131
0,4,manger,de,4,ice,0.3393,0.1423,0.7852,0.1513,0.2786
0,4,manger,de,5,cream,0.4008,0.81,0.1098,0.5779,0.1054
0,4,manger,de,6,.,0.1797,0.0259,0.0604,0.2271,0.4054
0,5,de,la,0,tom,0.0017,0.002,0.0024,0.0023,0.0001
0,5,de,la,1,likes,0.0,0.0,0.0,0.0001,0.0
0,5,de,la,2,to,0.0006,0.0014,0.0006,0.0004,0.0002
0,5,de,la,3,eat,0.0618,0.0032,0.0843,0.1175,0.0422
0,5,de,la,4,ice,0.4043,0.1311,0.2102,0.6532,0.6228
0,5,de,la,5,cream,0.5026,0.8556,0.6113,0.2157,0.328
0,5,de,la,6,.,0.0289,0.0067,0.0913,0.0109,0.0068
0,6,la,glace,0,tom,0.0001,0.0001,0.0001,0.0002,0.0
0,6,la,glace,1,likes,0.0001,0.0,0.0001,0.0004,0.0
0,6,la,glace,2,to,0.0001,0.0001,0.0,0.0001,0.0
0,6,la,glace,3,eat,0.0087,0.0024,0.007,0.02,0.0057
0,6,la,glace,4,ice,0.5036,0.93,0.1243,0.6028,0.3574
0,6,la,glace,5,cream,0.4785,0.0653,0.851,0.3636,0.6339
0,6,la,glace,6,.,0.0089,0.0021,0.0176,0.0128,0.003
0,7,glace,.,0,tom,0.0001,0.0002,0.0001,0.0,0.0
0,7,glace,.,1,likes,0.0002,0.0003,0.0001,0.0001,0.0001
0,7,glace,.,2,to,0.0011,0.0013,0.0014,0.0005,0.0012
0,7,glace,.,3,eat,0.0179,0.0233,0.0054,0.0295,0.0134
0,7,glace,.,4,ice,0.0052,0.0095,0.0005,0.0095,0.0012
0,7,glace,.,5,cream,0.237,0.8291,0.02,0.0793,0.0196
0,7,glace,.,6,.,0.7386,0.1363,0.9724,0.881,0.9646
0,8,.,<end>,0,tom,0.0045,0.0143,0.0,0.0035,0.0
0,8,.,<end>,1,likes,0.003,0.0105,0.0001,0.0013,0.0
0,8,.,<end>,2,to,0.0151,0.0578,0.0006,0.0011,0.0007
0,8,.,<end>,3,eat,0.0311,0.0494,0.0029,0.0524,0.0197
0,8,.,<end>,4,ice,0.1723,0.578,0.0043,0.088,0.019
0,8,.,<end>,5,cream,0.0799,0.2064,0.0413,0.0508,0.0214
0,8,.,<end>,6,.,0.6942,0.0837,0.9507,0.803,0.9392
1,0,<start>,je,0,i,0.6863,0.0972,0.7739,0.9779,0.8961
1,0,<start>,je,1,want,0.2777,0.8524,0.1379,0.0202,0.1002
1,0,<start>,je,2,ice,0.0225,0.009,0.0778,0.0009,0.0022
1,0,<start>,je,3,cream,0.0073,0.0259,0.0014,0.0004,0.0014
1,0,<start>,je,4,for,0.0003,0.0008,0.0001,0.0001,0.0001
1,0,<start>,je,5,dessert,0.0052,0.0131,0.0073,0.0005,0.0
1,0,<start>,je,6,.,0.0008,0.0017,0.0016,0.0001,0.0
1,1,je,veux,0,i,0.0224,0.0017,0.0352,0.0422,0.0106
1,1,je,veux,1,want,0.9172,0.9768,0.8681,0.8847,0.939
1,1,je,veux,2,ice,0.0521,0.0173,0.0886,0.0575,0.0451
1,1,je,veux,3,cream,0.0064,0.0023,0.0052,0.0137,0.0046
1,1,je,veux,4,for,0.0009,0.0007,0.0019,0.0006,0.0004
1,1,je,veux,5,dessert,0.0006,0.0009,0.0007,0.0008,0.0002
1,1,je,veux,6,.,0.0003,0.0004,0.0004,0.0005,0.0
1,2,veux,de,0,i,0.0081,0.0036,0.0004,0.0194,0.0092
1,2,veux,de,1,want,0.0153,0.0012,0.0011,0.0531,0.0058
1,2,veux,de,2,ice,0.6343,0.1574,0.951,0.5237,0.9052
1,2,veux,de,3,cream,0.297,0.7,0.0463,0.3692,0.0722
1,2,veux,de,4,for,0.0119,0.0142,0.0011,0.0254,0.0067
1,2,veux,de,5,dessert,0.0292,0.1085,0.0002,0.0074,0.0006
1,2,veux,de,6,.,0.0042,0.015,0.0,0.0017,0.0003
1,3,de,la,0,i,0.0022,0.0019,0.0013,0.0041,0.0014
1,3,de,la,1,want,0.003,0.0026,0.0011,0.0071,0.001
1,3,de,la,2,ice,0.6049,0.2927,0.5629,0.8218,0.7422
1,3,de,la,3,cream,0.3615,0.6391,0.4316,0.1258,0.2495
1,3,de,la,4,for,0.0029,0.008,0.0006,0.0016,0.0012
1,3,de,la,5,dessert,0.0251,0.0539,0.0023,0.0396,0.0046
1,3,de,la,6,.,0.0005,0.0017,0.0002,0.0001,0.0
1,4,la,crème,0,i,0.0022,0.0002,0.0062,0.0001,0.0023
1,4,la,crème,1,want,0.0076,0.0018,0.0077,0.0165,0.0043
1,4,la,crème,2,ice,0.6519,0.8745,0.3754,0.694,0.6638
1,4,la,crème,3,cream,0.3089,0.0392,0.603,0.2655,0.3279
1,4,la,crème,4,for,0.0012,0.001,0.0027,0.0008,0.0003
1,4,la,crème,5,dessert,0.0279,0.0829,0.0046,0.0229,0.0013
1,4,la,crème,6,.,0.0002,0.0004,0.0002,0.0001,0.0001
1,5,crème,glacée,0,i,0.0136,0.0379,0.0033,0.0095,0.0035
1,5,crème,glacée,1,want,0.0125,0.0324,0.0006,0.0116,0.0053
1,5,crème,glacée,2,ice,0.2692,0.1644,0.0873,0.6013,0.2239
1,5,crème,glacée,3,cream,0.3156,0.4138,0.5934,0.0771,0.178
1,5,crème,glacée,4,for,0.1315,0.0394,0.146,0.0349,0.306
1,5,crème,glacée,5,dessert,0.2112,0.2583,0.0986,0.2406,0.2471
1,5,crème,glacée,6,.,0.0464,0.0538,0.0709,0.0249,0.0362
1,6,glacée,pour,0,i,0.0006,0.0019,0.0002,0.0003,0.0
1,6,glacée,pour,1,want,0.0003,0.0012,0.0,0.0001,0.0
1,6,glacée,pour,2,ice,0.0042,0.0133,0.0018,0.0016,0.0001
1,6,glacée,pour,3,cream,0.0235,0.0616,0.0157,0.0156,0.0012
1,6,glacée,pour,4,for,0.2314,0.0583,0.3276,0.0887,0.4511
1,6,glacée,pour,5,dessert,0.1146,0.3231,0.0386,0.0303,0.0663
1,6,glacée,pour,6,.,0.6253,0.5407,0.6163,0.8633,0.4811
1,7,pour,le,0,i,0.0031,0.0011,0.0007,0.0013,0.0095
1,7,pour,le,1,want,0.0007,0.0003,0.0002,0.0004,0.0019
1,7,pour,le,2,ice,0.0516,0.0266,0.0148,0.0023,0.1627
1,7,pour,le,3,cream,0.0915,0.0584,0.2044,0.0023,0.1008
1,7,pour,le,4,for,0.0071,0.0051,0.0134,0.0006,0.0093
1,7,pour,le,5,dessert,0.6899,0.8975,0.2236,0.9781,0.6604
1,7,pour,le,6,.,0.156,0.0109,0.5428,0.0149,0.0555
1,8,le,dessert,0,i,0.0037,0.0007,0.0097,0.0012,0.0031
1,8,le,dessert,1,want,0.007,0.008,0.0105,0.0014,0.0081
1,8,le,dessert,2,ice,0.0121,0.0241,0.0079,0.0101,0.0063
1,8,le,dessert,3,cream,0.0565,0.0208,0.1282,0.0053,0.0717
1,8,le,dessert,4,for,0.0418,0.0143,0.116,0.0224,0.0145
1,8,le,dessert,5,dessert,0.7159,0.92,0.3023,0.8376,0.8036
1,8,le,dessert,6,.,0.163,0.0121,0.4254,0.1219,0.0927
1,9,dessert,.,0,i,0.0016,0.0058,0.0003,0.0002,0.0001
1,9,dessert,.,1,want,0.0003,0.0005,0.0005,0.0001,0.0003
1,9,dessert,.,2,ice,0.0005,0.0016,0.0002,0.0001,0.0001
1,9,dessert,.,3,cream,0.0047,0.015,0.0007,0.0004,0.0025
1,9,dessert,.,4,for,0.0167,0.0378,0.0095,0.0065,0.013
1,9,dessert,.,5,dessert,0.1979,0.4506,0.0446,0.0545,0.2417
1,9,dessert,.,6,.,0.7784,0.4887,0.9442,0.9382,0.7424
1,10,.,<end>,0,i,0.0043,0.0152,0.0008,0.0009,0.0001
1,10,.,<end>,1,want,0.0154,0.0604,0.0011,0.0001,0.0
1,10,.,<end>,2,ice,0.0255,0.1004,0.0004,0.0012,0.0001
1,10,.,<end>,3,cream,0.0184,0.0707,0.0016,0.0008,0.0003
1,10,.,<end>,4,for,0.0519,0.1707,0.0096,0.0142,0.0131
1,10,.,<end>,5,dessert,0.1778,0.2743,0.0236,0.2438,0.1696
1,10,.,<end>,6,.,0.7067,0.3082,0.9628,0.7391,0.8168
