optimizer,seed,epoch,loss,val_accuracy,eff_lr
adagrad,0,1,1.2422436475753784,0.8149999976158142,0.06871414184570312
adagrad,0,2,0.6763608455657959,0.8578000068664551,0.04812931641936302
adagrad,0,3,0.5324152708053589,0.8740000128746033,0.03907858580350876
adagrad,0,4,0.4636417627334595,0.8841000199317932,0.03415641188621521
adagrad,0,5,0.4226798415184021,0.8899999856948853,0.030698982998728752
adagrad,0,6,0.3947506248950958,0.8949999809265137,0.02814873680472374
adagrad,0,7,0.37417861819267273,0.8981000185012817,0.026160070672631264
adagrad,0,8,0.3581473231315613,0.9006999731063843,0.0245107002556324
adagrad,0,9,0.3451646864414215,0.9028000235557556,0.0231526717543602
adagrad,0,10,0.33435794711112976,0.9045000076293945,0.022048652172088623
adagrad,0,11,0.3251325786113739,0.9056000113487244,0.02103913202881813
adagrad,0,12,0.3171193301677704,0.9072999954223633,0.020171621814370155
adagrad,0,13,0.3100527226924896,0.9079999923706055,0.019450223073363304
adagrad,0,14,0.3037407398223877,0.9089000225067139,0.018788136541843414
adagrad,0,15,0.29803186655044556,0.909500002861023,0.01818743720650673
adagrad,0,16,0.29283633828163147,0.9103000164031982,0.01764148473739624
adagrad,0,17,0.28808411955833435,0.911300003528595,0.017131177708506584
adagrad,0,18,0.2837165296077728,0.9120000004768372,0.016662223264575005
adagrad,0,19,0.27966415882110596,0.9125999808311462,0.016248920932412148
adagrad,0,20,0.27587759494781494,0.9132000207901001,0.01585296355187893
adagrad,0,21,0.2723262906074524,0.9139999747276306,0.015494493767619133
adagrad,0,22,0.268989622592926,0.9142000079154968,0.015138160437345505
adagrad,0,23,0.2658465802669525,0.914900004863739,0.014827447012066841
adagrad,0,24,0.26286399364471436,0.9154000282287598,0.01453353837132454
adagrad,0,25,0.26003265380859375,0.9158999919891357,0.014234611764550209
adagrad,0,26,0.25733572244644165,0.9160000085830688,0.013974733650684357
adagrad,0,27,0.2547614574432373,0.9162999987602234,0.013711171224713326
adagrad,0,28,0.2522931396961212,0.9165999889373779,0.013474460691213608
adagrad,0,29,0.24992454051971436,0.9172999858856201,0.013244562782347202
adagrad,0,30,0.24764876067638397,0.9175999760627747,0.013026087544858456
adagrad,1,1,1.3117876052856445,0.8346999883651733,0.06496657431125641
adagrad,1,2,0.6839807033538818,0.8676000237464905,0.046740077435970306
adagrad,1,3,0.5317415595054626,0.8794000148773193,0.03866767883300781
adagrad,1,4,0.4622701108455658,0.8884000182151794,0.03375270590186119
adagrad,1,5,0.4206777811050415,0.8944000005722046,0.030321665108203888
adagrad,1,6,0.3924059569835663,0.8986999988555908,0.02772420272231102
adagrad,1,7,0.3715830445289612,0.9006999731063843,0.025731373578310013
adagrad,1,8,0.3553256690502167,0.9031000137329102,0.02411939576268196
adagrad,1,9,0.3421119153499603,0.9049000144004822,0.022811349481344223
adagrad,1,10,0.331010103225708,0.9059000015258789,0.021741211414337158
adagrad,1,11,0.32147544622421265,0.9074000120162964,0.020797759294509888
adagrad,1,12,0.31315430998802185,0.9097999930381775,0.019976848736405373
adagrad,1,13,0.3057844042778015,0.9110000133514404,0.019254684448242188
adagrad,1,14,0.2991883456707001,0.9122999906539917,0.018596336245536804
adagrad,1,15,0.2932094931602478,0.9138000011444092,0.018007267266511917
adagrad,1,16,0.2877427637577057,0.9143999814987183,0.017475338652729988
adagrad,1,17,0.28271424770355225,0.9150000214576721,0.016987934708595276
adagrad,1,18,0.27805063128471375,0.9160000085830688,0.01653083600103855
adagrad,1,19,0.27371132373809814,0.9168000221252441,0.016122233122587204
adagrad,1,20,0.26965272426605225,0.9174000024795532,0.015732597559690475
adagrad,1,21,0.2658422589302063,0.9178000092506409,0.015365727245807648
adagrad,1,22,0.26225408911705017,0.91839998960495,0.01500963419675827
adagrad,1,23,0.2588660717010498,0.9190000295639038,0.014685826376080513
adagrad,1,24,0.25565120577812195,0.9196000099182129,0.014375198632478714
adagrad,1,25,0.2525996267795563,0.9200000166893005,0.01409528125077486
adagrad,1,26,0.2496958076953888,0.9205999970436096,0.013825220987200737
adagrad,1,27,0.2469116896390915,0.920799970626831,0.013578521087765694
adagrad,1,28,0.2442534863948822,0.9211999773979187,0.013337097130715847
adagrad,1,29,0.24169979989528656,0.9218999743461609,0.013119206763803959
adagrad,1,30,0.23925146460533142,0.9222999811172485,0.012907128781080246
adagrad,2,1,1.2797592878341675,0.8195000290870667,0.0683542937040329
adagrad,2,2,0.6808286905288696,0.8589000105857849,0.04893353581428528
adagrad,2,3,0.5358148217201233,0.8748000264167786,0.04068341851234436
adagrad,2,4,0.4684620499610901,0.883899986743927,0.035838574171066284
adagrad,2,5,0.42762142419815063,0.8902999758720398,0.032434213906526566
adagrad,2,6,0.3994249701499939,0.8944000005722046,0.02983255311846733
adagrad,2,7,0.37834683060646057,0.8968999981880188,0.02778172492980957
adagrad,2,8,0.36172857880592346,0.9007999897003174,0.026139041408896446
adagrad,2,9,0.34813353419303894,0.902400016784668,0.024745453149080276
adagrad,2,10,0.3366982042789459,0.9039999842643738,0.0235053151845932
adagrad,2,11,0.32688984274864197,0.9053999781608582,0.022463850677013397
adagrad,2,12,0.31828081607818604,0.9067999720573425,0.02153097465634346
adagrad,2,13,0.31064286828041077,0.9083999991416931,0.02065339684486389
adagrad,2,14,0.3037675619125366,0.909600019454956,0.01986788958311081
adagrad,2,15,0.2974885404109955,0.9114000201225281,0.01919308304786682
adagrad,2,16,0.2917279005050659,0.9126999974250793,0.01859181374311447
adagrad,2,17,0.28645193576812744,0.9129999876022339,0.018031742423772812
adagrad,2,18,0.2816162705421448,0.9135000109672546,0.017529834061861038
adagrad,2,19,0.27717429399490356,0.9144999980926514,0.017084576189517975
adagrad,2,20,0.2730468511581421,0.914900004863739,0.016679339110851288
adagrad,2,21,0.2691820561885834,0.9154000282287598,0.01630241423845291
adagrad,2,22,0.26554378867149353,0.9164000153541565,0.01595356874167919
adagrad,2,23,0.2620927393436432,0.9168999791145325,0.015619689598679543
adagrad,2,24,0.25883162021636963,0.9174000024795532,0.015305492095649242
adagrad,2,25,0.2557556927204132,0.9174000024795532,0.01502823457121849
adagrad,2,26,0.25282934308052063,0.9179999828338623,0.01475021056830883
adagrad,2,27,0.2500455677509308,0.9186000227928162,0.014501236379146576
adagrad,2,28,0.2473757266998291,0.9196000099182129,0.014250088483095169
adagrad,2,29,0.24482925236225128,0.9196000099182129,0.014013417065143585
adagrad,2,30,0.24238796532154083,0.9197999835014343,0.013777506537735462
rmsprop,0,1,0.568583071231842,0.8837000131607056,0.9552685618400574
rmsprop,0,2,0.26500552892684937,0.916700005531311,1.1266530752182007
rmsprop,0,3,0.19451025128364563,0.9312999844551086,1.3142318725585938
rmsprop,0,4,0.1480085402727127,0.9387999773025513,1.5096700191497803
rmsprop,0,5,0.11437378823757172,0.9413999915122986,1.7542986869812012
rmsprop,0,6,0.08938850462436676,0.944599986076355,1.9828622341156006
rmsprop,0,7,0.0695824921131134,0.9449999928474426,2.217176914215088
rmsprop,0,8,0.05378120020031929,0.9473999738693237,2.4516220092773438
rmsprop,0,9,0.041137803345918655,0.9470999836921692,2.6738617420196533
rmsprop,0,10,0.030835149809718132,0.9473000168800354,2.883763313293457
rmsprop,0,11,0.02260904759168625,0.9480000138282776,2.9462499618530273
rmsprop,0,12,0.01642119139432907,0.9498000144958496,3.041754722595215
rmsprop,0,13,0.01309657096862793,0.9496999979019165,3.0610604286193848
rmsprop,0,14,0.00962162297219038,0.9503999948501587,3.101733684539795
rmsprop,0,15,0.006374192889779806,0.95169997215271,3.1341238021850586
rmsprop,0,16,0.005083126947283745,0.9506000280380249,3.1287221908569336
rmsprop,0,17,0.003309122519567609,0.9528999924659729,3.141479015350342
rmsprop,0,18,0.00390910217538476,0.9521999955177307,3.1513941287994385
rmsprop,0,19,0.002638153498992324,0.9503999948501587,3.151549816131592
rmsprop,0,20,0.001783485058695078,0.9521999955177307,3.1592206954956055
rmsprop,0,21,0.001658732770010829,0.9549999833106995,3.159520149230957
rmsprop,0,22,0.00045405898708850145,0.955299973487854,3.1618809700012207
rmsprop,0,23,0.0005426089046522975,0.9560999870300293,3.1610636711120605
rmsprop,0,24,0.00027963914908468723,0.9559999704360962,3.16215443611145
rmsprop,0,25,0.00027494895039126277,0.9555000066757202,3.1621947288513184
rmsprop,0,26,0.00010957580525428057,0.9549000263214111,3.1622252464294434
rmsprop,0,27,8.322056237375364e-05,0.9549000263214111,3.162238359451294
rmsprop,0,28,7.179572276072577e-05,0.9549999833106995,3.162245988845825
rmsprop,0,29,6.270815356401727e-05,0.9552000164985657,3.1622514724731445
rmsprop,0,30,5.647067882819101e-05,0.9549999833106995,3.1622557640075684
rmsprop,1,1,0.5648301839828491,0.9136999845504761,1.0545865297317505
rmsprop,1,2,0.25009554624557495,0.9280999898910522,1.1957182884216309
rmsprop,1,3,0.1825319081544876,0.9355999827384949,1.2919318675994873
rmsprop,1,4,0.14039084315299988,0.9395999908447266,1.4656376838684082
rmsprop,1,5,0.10967779904603958,0.9420999884605408,1.66499924659729
rmsprop,1,6,0.08612524718046188,0.9448000192642212,1.8655965328216553
rmsprop,1,7,0.06672883033752441,0.9452000260353088,2.1105289459228516
rmsprop,1,8,0.0518835075199604,0.9463000297546387,2.3326711654663086
rmsprop,1,9,0.03945424035191536,0.9491000175476074,2.561939239501953
rmsprop,1,10,0.029259711503982544,0.9498000144958496,2.8235530853271484
rmsprop,1,11,0.022103415802121162,0.9527999758720398,2.936037302017212
rmsprop,1,12,0.016254032030701637,0.9528999924659729,3.0227370262145996
rmsprop,1,13,0.011701247654855251,0.9538999795913696,3.09523868560791
rmsprop,1,14,0.009265276603400707,0.9520000219345093,3.097179889678955
rmsprop,1,15,0.006136451847851276,0.9535999894142151,3.1375961303710938
rmsprop,1,16,0.005050536710768938,0.9506999850273132,3.1391587257385254
rmsprop,1,17,0.0032707711216062307,0.9538999795913696,3.1556026935577393
rmsprop,1,18,0.0025216282811015844,0.9553999900817871,3.156688690185547
rmsprop,1,19,0.002042250707745552,0.9521999955177307,3.1414692401885986
rmsprop,1,20,0.0018367483280599117,0.9559999704360962,3.159987688064575
rmsprop,1,21,0.0014357458567246795,0.954800009727478,3.158165454864502
rmsprop,1,22,0.0016186847351491451,0.9545000195503235,3.1575474739074707
rmsprop,1,23,0.0013808567309752107,0.9545999765396118,3.160003185272217
rmsprop,1,24,0.0006318914820440114,0.9555000066757202,3.161719560623169
rmsprop,1,25,0.000244197144638747,0.9569000005722046,3.162078857421875
rmsprop,1,26,0.0002541129942983389,0.9567999839782715,3.162168264389038
rmsprop,1,27,0.00010362676403019577,0.9570000171661377,3.162217855453491
rmsprop,1,28,8.496941154589877e-05,0.9570000171661377,3.1622350215911865
rmsprop,1,29,6.944872438907623e-05,0.9567000269889832,3.1622467041015625
rmsprop,1,30,6.090112219681032e-05,0.95660001039505,3.1622514724731445
rmsprop,2,1,0.5588358640670776,0.8544999957084656,0.9469406604766846
rmsprop,2,2,0.24651995301246643,0.8741999864578247,1.1151944398880005
rmsprop,2,3,0.17810946702957153,0.8901000022888184,1.2415717840194702
rmsprop,2,4,0.13455034792423248,0.897599995136261,1.3949605226516724
rmsprop,2,5,0.10288553684949875,0.9007999897003174,1.6384782791137695
rmsprop,2,6,0.07948983460664749,0.9107000231742859,1.9568102359771729
rmsprop,2,7,0.06070907041430473,0.9246000051498413,2.2944908142089844
rmsprop,2,8,0.046857476234436035,0.9377999901771545,2.568325996398926
rmsprop,2,9,0.035225119441747665,0.9506000280380249,2.7772510051727295
rmsprop,2,10,0.02530255913734436,0.9519000053405762,2.9365992546081543
rmsprop,2,11,0.018582981079816818,0.9510999917984009,3.007429599761963
rmsprop,2,12,0.012816715985536575,0.9508000016212463,3.090280055999756
rmsprop,2,13,0.008135342970490456,0.9509999752044678,3.121406078338623
rmsprop,2,14,0.0065171136520802975,0.9503999948501587,3.1337969303131104
rmsprop,2,15,0.005202872212976217,0.9474999904632568,3.138928174972534
rmsprop,2,16,0.0029168303590267897,0.9510999917984009,3.1036367416381836
rmsprop,2,17,0.0028861218597739935,0.9521999955177307,3.1553478240966797
rmsprop,2,18,0.0010806263890117407,0.951200008392334,3.160494327545166
rmsprop,2,19,0.0009785682195797563,0.9524999856948853,3.159672975540161
rmsprop,2,20,0.001828315551392734,0.9541000127792358,3.1597490310668945
rmsprop,2,21,0.0005770340212620795,0.9549999833106995,3.1614365577697754
rmsprop,2,22,0.00026119561516679823,0.9555000066757202,3.161818504333496
rmsprop,2,23,0.00016643156413920224,0.9563000202178955,3.1621265411376953
rmsprop,2,24,0.00012807776511181146,0.9564999938011169,3.162163257598877
rmsprop,2,25,0.00010753198876045644,0.9564999938011169,3.162186861038208
rmsprop,2,26,9.303559636464342e-05,0.95660001039505,3.162205934524536
rmsprop,2,27,8.244184573413804e-05,0.9567000269889832,3.162219285964966
rmsprop,2,28,7.398698653560132e-05,0.9569000005722046,3.1622307300567627
rmsprop,2,29,6.719195516780019e-05,0.9567999839782715,3.162238121032715
rmsprop,2,30,6.152626156108454e-05,0.9569000005722046,3.1622440814971924
