FireplaceQu,GarageQual,SalePrice,Fireplaces,GarageType
,TA,208500,0,Attchd
TA,TA,181500,1,Attchd
TA,TA,223500,1,Attchd
Gd,TA,140000,1,Detchd
TA,TA,250000,1,Attchd
,TA,143000,0,Attchd
Gd,TA,307000,1,Attchd
TA,TA,200000,2,Attchd
TA,Fa,129900,2,Detchd
TA,Gd,118000,2,Attchd
,TA,129500,0,Detchd
Gd,TA,345000,2,BuiltIn
,TA,144000,0,Detchd
Gd,TA,279500,1,Attchd
Fa,TA,157000,1,Attchd
,TA,132000,0,Detchd
TA,TA,149000,1,Attchd
,TA,90000,0,CarPort
,TA,159000,0,Detchd
,TA,139000,0,Attchd
Gd,TA,325300,1,BuiltIn
Gd,TA,139400,1,Attchd
Gd,TA,230000,1,Attchd
TA,TA,129900,1,Attchd
TA,TA,154000,1,Attchd
Gd,TA,256300,1,Attchd
,TA,134800,0,Detchd
Gd,TA,306000,1,Attchd
Gd,TA,207500,2,Attchd
,Fa,68500,0,Detchd
,TA,40000,0,Detchd
,TA,149350,0,Attchd
,TA,179900,0,Attchd
Gd,TA,165500,1,Attchd
Gd,TA,277500,1,Attchd
Gd,TA,309000,1,BuiltIn
,TA,145000,0,Attchd
TA,TA,153000,1,Attchd
,TA,109000,0,Detchd
,,82000,0,
TA,TA,160000,1,Attchd
Gd,TA,170000,2,Attchd
,TA,144000,0,Attchd
,TA,130250,0,Detchd
,TA,141000,0,Attchd
Gd,TA,319900,1,Attchd
Ex,TA,239686,1,Attchd
,TA,249700,0,Attchd
,,113000,0,
,TA,127000,0,Attchd
,TA,177000,0,Attchd
Gd,TA,114500,1,Detchd
,TA,110000,0,CarPort
Gd,TA,385000,1,Attchd
TA,TA,130000,1,Detchd
Gd,TA,180500,1,Attchd
,TA,172500,0,Attchd
,TA,196500,0,Attchd
Gd,TA,438780,1,BuiltIn
,TA,124900,0,Detchd
,TA,158000,0,Detchd
,TA,101000,0,Detchd
Gd,TA,202500,1,Attchd
,TA,140000,0,Detchd
,TA,219500,0,Attchd
Gd,TA,317000,1,BuiltIn
Gd,TA,180000,1,Attchd
,TA,226000,0,Attchd
,TA,80000,0,Attchd
TA,TA,225000,1,Attchd
Gd,TA,244000,2,Attchd
,TA,129500,0,Detchd
TA,TA,185000,1,Attchd
,TA,144900,0,Attchd
,TA,107400,0,Detchd
,TA,91000,0,BuiltIn
,TA,135750,0,Detchd
,TA,127000,0,Detchd
,,136500,0,
,TA,110000,0,Detchd
Gd,TA,193500,1,Attchd
,TA,153500,0,Attchd
Gd,TA,245000,1,Attchd
,TA,126500,0,Detchd
TA,TA,168500,1,BuiltIn
TA,TA,260000,1,Attchd
Gd,TA,174000,1,BuiltIn
,TA,164500,0,Detchd
,,85000,0,
,,123600,0,
,TA,109900,0,Detchd
,TA,98600,0,Attchd
,TA,163500,0,Detchd
Gd,TA,133900,1,Detchd
,TA,204750,0,Attchd
TA,TA,185000,1,BuiltIn
,TA,214000,0,Attchd
,TA,94750,0,Attchd
,Fa,83000,0,Basment
,,128950,0,
TA,TA,205000,2,Attchd
TA,TA,178000,1,Attchd
,TA,118964,0,Attchd
,TA,198900,0,Attchd
TA,TA,169500,2,Detchd
Gd,TA,250000,1,Attchd
,Fa,100000,0,Detchd
,TA,115000,0,Detchd
,,115000,0,
TA,TA,190000,1,Attchd
,TA,136900,0,Attchd
TA,TA,180000,1,BuiltIn
Gd,TA,383970,1,BuiltIn
Gd,TA,217000,2,Basment
TA,TA,259500,1,Detchd
Fa,TA,176000,1,Detchd
Po,TA,139000,1,Attchd
,TA,155000,0,Attchd
TA,TA,320000,2,Attchd
Gd,TA,163990,1,Attchd
TA,TA,180000,2,Attchd
,TA,100000,0,Detchd
,TA,136000,0,Attchd
,TA,153900,0,Attchd
TA,TA,181000,1,Attchd
,,84500,0,
TA,TA,128000,1,Attchd
TA,,87000,1,
Fa,TA,155000,1,Attchd
,TA,150000,0,2Types
Gd,TA,226000,2,Attchd
TA,TA,244000,1,BuiltIn
,TA,150750,0,Detchd
,TA,220000,0,Attchd
TA,TA,180000,1,Attchd
Gd,TA,174000,1,Attchd
Fa,TA,143000,1,Attchd
,TA,171000,0,2Types
TA,TA,230000,2,Attchd
,TA,231500,0,Attchd
Po,,115000,1,
,TA,260000,0,Attchd
,TA,166000,0,Detchd
,TA,204000,0,Attchd
,TA,125000,0,Detchd
,TA,130000,0,Detchd
,Fa,105000,0,Detchd
Gd,TA,222500,1,BuiltIn
,,141000,0,
,Fa,115000,0,Detchd
,TA,122000,0,Attchd
Gd,TA,372402,1,Attchd
Gd,TA,190000,1,Attchd
Gd,TA,235000,1,Attchd
,Fa,125000,0,Detchd
,,79000,0,
,TA,109500,0,Detchd
Gd,TA,269500,1,BuiltIn
Gd,TA,254900,1,Attchd
Gd,TA,320000,1,Attchd
,TA,162500,0,Attchd
Gd,TA,412500,2,BuiltIn
Gd,TA,220000,1,Attchd
,,103200,0,
,TA,152000,0,Detchd
,,127500,0,
Gd,TA,190000,3,Attchd
Gd,TA,325624,1,Attchd
Gd,TA,183500,1,Attchd
TA,TA,228000,1,Attchd
,TA,128500,0,Detchd
Gd,TA,215000,2,Attchd
TA,Gd,239000,1,Attchd
TA,TA,163000,1,Attchd
TA,TA,184000,1,Attchd
Gd,TA,243000,1,Attchd
TA,TA,211000,1,Attchd
Gd,TA,172500,1,Attchd
Gd,TA,501837,1,Attchd
,Fa,100000,0,Detchd
TA,TA,177000,1,Detchd
Gd,Fa,200100,1,Detchd
Gd,TA,120000,1,Attchd
,TA,200000,0,Detchd
,TA,127000,0,Attchd
TA,Ex,475000,2,Detchd
,TA,173000,0,Attchd
,Fa,135000,0,Detchd
TA,TA,153337,2,Detchd
Gd,TA,286000,1,Attchd
TA,TA,315000,2,Detchd
,TA,184000,0,Attchd
,TA,192000,0,Attchd
,TA,130000,0,Detchd
,TA,127000,0,Detchd
TA,TA,148500,1,Attchd
Gd,TA,311872,1,Attchd
Ex,TA,235000,1,Detchd
,,104000,0,
Gd,TA,274900,1,Attchd
,TA,140000,0,Attchd
Fa,TA,171500,2,Detchd
,TA,112000,0,Attchd
Gd,TA,149000,1,Attchd
,TA,110000,0,Detchd
,TA,180500,0,Attchd
TA,TA,143900,1,Attchd
Po,TA,141000,1,Attchd
Gd,TA,277000,1,Attchd
,TA,145000,0,Attchd
,,98000,0,
,TA,186000,0,Attchd
TA,TA,252678,1,Attchd
,TA,156000,0,Attchd
,TA,161750,0,Attchd
Fa,TA,134450,1,Attchd
,TA,210000,0,Attchd
,TA,107000,0,Detchd
TA,TA,311500,2,Attchd
,TA,167240,0,Attchd
,TA,204900,0,Attchd
TA,TA,200000,1,BuiltIn
TA,TA,179900,1,Attchd
,TA,97000,0,Detchd
Ex,TA,386250,1,Attchd
,TA,112000,0,Detchd
TA,TA,290000,1,Attchd
,TA,106000,0,Detchd
Fa,TA,125000,1,Detchd
TA,TA,192500,1,Attchd
,TA,148000,0,Attchd
TA,TA,403000,1,Attchd
Po,TA,94500,1,Attchd
,TA,128200,0,Attchd
TA,TA,216500,2,BuiltIn
,TA,89500,0,Detchd
,TA,185500,0,Attchd
,TA,194500,0,Attchd
,TA,318000,0,Attchd
Gd,TA,113000,1,Detchd
,TA,262500,0,Attchd
,,110500,0,
,Fa,79000,0,Attchd
TA,TA,120000,1,Attchd
Fa,TA,205000,2,Attchd
TA,TA,241500,1,Attchd
,Po,137000,0,Detchd
TA,TA,140000,1,Attchd
,TA,180000,0,Attchd
TA,TA,277000,2,Attchd
,,76500,0,
Gd,TA,235000,1,Attchd
,TA,173000,0,Attchd
,TA,158000,0,Attchd
,TA,145000,0,Attchd
TA,TA,230000,1,BuiltIn
,TA,207500,0,Attchd
Gd,TA,220000,1,Attchd
TA,TA,231500,1,Attchd
,TA,97000,0,Detchd
TA,TA,176000,1,Attchd
Gd,TA,276000,1,BuiltIn
TA,TA,151000,1,Attchd
,TA,130000,0,Detchd
,TA,73000,0,Detchd
TA,TA,175500,1,Attchd
TA,TA,185000,1,Attchd
Gd,TA,179500,1,Detchd
Gd,Ex,120500,1,Detchd
Fa,TA,148000,1,Attchd
Gd,TA,266000,1,Attchd
TA,TA,241500,2,Attchd
Gd,TA,290000,1,Attchd
Gd,TA,139000,1,Attchd
,TA,124500,0,Attchd
,TA,205000,0,Detchd
,TA,201000,0,Attchd
,TA,141000,0,Detchd
Ex,TA,415298,1,Attchd
TA,TA,192000,1,Attchd
TA,TA,228500,1,Attchd
,TA,185000,0,Attchd
Gd,TA,207500,1,Attchd
Gd,TA,244600,1,Attchd
,TA,179200,0,Attchd
,TA,164700,0,Detchd
Gd,TA,159000,1,Attchd
,,88000,0,
,TA,122000,0,Detchd
,TA,153575,0,Detchd
Gd,Gd,233230,1,Attchd
,,135900,0,
Gd,TA,131000,1,Attchd
TA,TA,235000,1,Attchd
Gd,TA,167000,2,Attchd
,TA,142500,0,Detchd
,TA,152000,0,Attchd
TA,TA,239000,1,Detchd
Gd,TA,175000,1,Attchd
Gd,TA,158500,1,Attchd
Gd,TA,157000,2,Attchd
TA,TA,267000,1,BuiltIn
TA,TA,205000,1,Attchd
,TA,149900,0,Attchd
Ex,TA,295000,1,Attchd
,TA,305900,0,Attchd
TA,TA,225000,1,Attchd
,,89500,0,
,TA,82500,0,Detchd
Ex,TA,360000,3,Attchd
TA,TA,165600,1,Attchd
Gd,TA,132000,1,Detchd
Gd,TA,119900,1,Detchd
Gd,TA,375000,2,Attchd
Gd,Fa,178000,1,Detchd
Gd,TA,188500,1,Attchd
TA,TA,260000,1,Attchd
Gd,TA,270000,1,Attchd
TA,TA,260000,1,Attchd
TA,TA,187500,2,Attchd
,TA,342643,0,Attchd
Gd,TA,354000,1,BuiltIn
TA,TA,301000,1,Attchd
,Fa,126175,0,Attchd
Gd,TA,242000,1,BuiltIn
,TA,87000,0,Detchd
Gd,TA,324000,2,Attchd
,TA,145250,0,Attchd
,TA,214500,0,Detchd
,Fa,78000,0,Detchd
,TA,119000,0,Detchd
,TA,139000,0,Attchd
Gd,TA,284000,1,Attchd
Gd,TA,207000,1,Attchd
TA,TA,192000,2,Attchd
Gd,TA,228950,2,Attchd
Gd,TA,377426,1,Attchd
,TA,214000,0,Attchd
,TA,202500,0,Attchd
,TA,155000,0,Attchd
,TA,202900,0,Attchd
,TA,82000,0,CarPort
,TA,87500,0,Detchd
Ex,TA,266000,1,Attchd
,TA,85000,0,Attchd
Gd,TA,140200,1,Detchd
,TA,151500,0,Attchd
Gd,TA,157500,2,Attchd
,TA,154000,0,BuiltIn
Ex,TA,437154,2,Attchd
Gd,TA,318061,1,Attchd
TA,TA,190000,1,Attchd
,TA,95000,0,Detchd
,TA,105900,0,Detchd
Gd,TA,140000,2,Attchd
,TA,177500,0,Attchd
,TA,173000,0,Attchd
Po,TA,134000,1,Attchd
,TA,130000,0,BuiltIn
TA,TA,280000,1,Attchd
TA,TA,156000,1,Attchd
,TA,145000,0,Detchd
Ex,TA,198500,1,BuiltIn
,TA,118000,0,Detchd
TA,TA,190000,1,Attchd
,TA,147000,0,Detchd
Gd,TA,159000,2,Attchd
Gd,TA,165000,1,Basment
Gd,TA,132000,1,Attchd
Gd,TA,162000,1,Detchd
TA,TA,172400,1,Attchd
Gd,TA,134432,1,Detchd
,TA,125000,0,Attchd
,TA,123000,0,Attchd
Gd,TA,219500,1,BuiltIn
,,61000,0,
,TA,148000,0,Detchd
Gd,TA,340000,1,Attchd
Ex,TA,394432,1,Attchd
TA,TA,179000,1,Attchd
Gd,TA,127000,1,Detchd
Gd,TA,187750,1,Attchd
,TA,213500,0,Attchd
,Fa,76000,0,Detchd
Fa,TA,240000,2,Attchd
TA,TA,192000,1,Attchd
,,81000,0,
Fa,TA,125000,1,Detchd
,TA,191000,0,Attchd
Ex,TA,426000,1,BuiltIn
,TA,119000,0,Detchd
TA,TA,215000,1,BuiltIn
,TA,106500,0,Attchd
TA,,100000,2,
,TA,109000,0,Detchd
,TA,129000,0,Attchd
,TA,123000,0,Detchd
TA,TA,169500,1,Attchd
,Po,67000,0,Detchd
,TA,241000,0,Attchd
Gd,TA,245500,2,Attchd
Gd,TA,164990,1,Attchd
,TA,108000,0,Detchd
TA,TA,258000,1,BuiltIn
TA,TA,168000,1,BuiltIn
TA,TA,150000,1,Attchd
,TA,115000,0,Detchd
,TA,177000,0,Attchd
Gd,TA,280000,1,Attchd
Gd,TA,339750,1,Attchd
,TA,60000,0,Attchd
,TA,145000,0,Attchd
Gd,TA,222000,1,Attchd
Gd,TA,115000,1,Detchd
TA,TA,228000,1,Attchd
,TA,181134,0,Attchd
TA,TA,149500,1,Attchd
Gd,TA,239000,1,Detchd
,TA,126000,0,Detchd
Fa,TA,142000,1,Attchd
,TA,206300,0,Attchd
TA,TA,215000,1,Attchd
,TA,113000,0,Attchd
TA,TA,315000,1,Attchd
Gd,TA,139000,1,Attchd
Gd,TA,135000,2,Detchd
TA,TA,275000,1,Attchd
,TA,109008,0,Detchd
,TA,195400,0,Attchd
TA,TA,175000,1,Attchd
,TA,85400,0,Detchd
,,79900,0,
,TA,122500,0,Detchd
TA,TA,181000,1,Attchd
,,81000,0,
TA,TA,212000,1,Attchd
,TA,116000,0,Detchd
,TA,119000,0,Detchd
Gd,Gd,90350,1,Detchd
,TA,110000,0,Detchd
Gd,TA,555000,2,Attchd
,,118000,0,
Gd,TA,162900,1,Detchd
Gd,TA,172500,1,Attchd
TA,TA,210000,1,Attchd
Gd,TA,127500,1,Attchd
Gd,TA,190000,1,Attchd
TA,TA,199900,1,Attchd
Gd,TA,119500,1,Detchd
,TA,120000,0,Detchd
,Fa,110000,0,Detchd
TA,TA,280000,2,Attchd
,TA,204000,0,Attchd
,TA,210000,0,Attchd
,TA,188000,0,Detchd
TA,TA,175500,1,Attchd
,Fa,98000,0,Detchd
Gd,TA,256000,2,Attchd
Gd,TA,161000,1,Detchd
TA,TA,110000,1,Detchd
,TA,263435,0,BuiltIn
,TA,155000,0,Detchd
Po,TA,62383,1,Detchd
Gd,TA,188700,1,Detchd
,,124000,0,
TA,TA,178740,1,Attchd
Po,TA,167000,1,Attchd
Gd,TA,146500,2,Attchd
Gd,TA,250000,1,Attchd
,TA,187000,0,Attchd
,TA,212000,0,Attchd
Gd,TA,190000,1,Attchd
,TA,148000,0,Basment
Ex,TA,440000,1,Attchd
,TA,251000,0,Attchd
,TA,132500,0,Detchd
TA,TA,208900,1,Attchd
Gd,TA,380000,1,BuiltIn
Gd,TA,297000,1,Attchd
,TA,89471,0,Detchd
Gd,TA,326000,1,Attchd
Gd,TA,374000,1,Attchd
Gd,Fa,155000,1,Attchd
,TA,164000,0,Attchd
,TA,132500,0,Detchd
Gd,TA,147000,1,Attchd
,TA,156000,0,Attchd
TA,TA,175000,1,Attchd
Gd,TA,160000,1,Attchd
,TA,86000,0,Attchd
Gd,TA,115000,1,BuiltIn
TA,TA,133000,2,Attchd
,TA,172785,0,Attchd
Fa,TA,155000,1,Detchd
,TA,91300,0,Attchd
,,34900,0,
Gd,TA,430000,1,Attchd
,TA,184000,0,Detchd
,TA,130000,0,Attchd
,TA,120000,0,Attchd
,TA,113000,0,Detchd
,TA,226700,0,Attchd
,Fa,140000,0,Detchd
TA,TA,289000,2,Attchd
Fa,TA,147000,1,Attchd
,TA,124500,0,Detchd
TA,TA,215000,1,Attchd
,TA,208300,0,Attchd
Gd,TA,161000,1,Detchd
,TA,124500,0,Attchd
TA,TA,164900,2,CarPort
Gd,TA,202665,1,Attchd
,TA,129900,0,Detchd
,TA,134000,0,Attchd
,Po,96500,0,Detchd
Gd,TA,402861,1,Attchd
TA,TA,158000,1,Attchd
TA,TA,265000,1,Attchd
,TA,211000,0,Attchd
Gd,TA,234000,2,Detchd
,,106250,0,
Gd,TA,150000,2,Attchd
Gd,TA,159000,2,Detchd
Gd,TA,184750,1,BuiltIn
TA,TA,315750,1,Attchd
TA,TA,176000,1,Attchd
,TA,132000,0,Attchd
Gd,TA,446261,1,Attchd
,,86000,0,
TA,TA,200624,2,Attchd
Fa,TA,175000,1,Attchd
,TA,128000,0,Detchd
Po,TA,107500,1,Detchd
,,39300,0,
Gd,TA,178000,1,Attchd
,,107500,0,
,TA,188000,0,Attchd
,TA,111250,0,Detchd
Fa,TA,158000,1,Attchd
TA,TA,272000,1,Attchd
Gd,TA,315000,1,Attchd
TA,TA,248000,1,BuiltIn
TA,TA,213250,1,Attchd
,TA,133000,0,Attchd
Gd,TA,179665,1,Attchd
,TA,229000,0,Attchd
Gd,TA,210000,1,Detchd
,TA,129500,0,Detchd
,TA,125000,0,Detchd
Gd,TA,263000,1,BuiltIn
,TA,140000,0,Attchd
,TA,112500,0,Attchd
Gd,TA,255500,1,Attchd
,TA,108000,0,Detchd
Gd,TA,284000,1,BuiltIn
Gd,TA,113000,1,Detchd
TA,TA,141000,1,Attchd
,TA,108000,0,CarPort
TA,TA,175000,1,Attchd
TA,TA,234000,1,Attchd
Gd,TA,121500,1,Detchd
TA,TA,170000,1,Attchd
Gd,,108000,1,
Gd,TA,185000,1,Detchd
TA,TA,268000,1,Attchd
,TA,128000,0,Detchd
Gd,TA,325000,1,BuiltIn
,TA,214000,0,Attchd
Gd,Gd,316600,1,BuiltIn
TA,TA,135960,2,Detchd
,TA,142600,0,Detchd
,TA,120000,0,Attchd
,TA,224500,0,Attchd
TA,TA,170000,1,BuiltIn
,TA,139000,0,BuiltIn
,TA,118500,0,Detchd
Gd,TA,145000,1,Detchd
Fa,TA,164500,2,Attchd
,TA,146000,0,Detchd
,Fa,131500,0,Attchd
Gd,TA,181900,2,Attchd
Gd,TA,253293,1,Attchd
,,118500,0,
Gd,Gd,325000,1,Detchd
,TA,133000,0,Detchd
Gd,TA,369900,2,Attchd
,TA,130000,0,Detchd
,TA,137000,0,Detchd
Gd,TA,143000,2,Attchd
,TA,79500,0,Detchd
,TA,185900,0,Attchd
Gd,TA,451950,1,BuiltIn
,TA,138000,0,Detchd
,TA,140000,0,Attchd
,TA,110000,0,Detchd
TA,TA,319000,1,Attchd
,TA,114504,0,Detchd
Gd,TA,194201,1,Attchd
TA,TA,217500,1,Attchd
TA,TA,151000,1,Attchd
Gd,TA,275000,1,BuiltIn
Gd,TA,141000,1,Detchd
TA,TA,220000,1,Attchd
,TA,151000,0,Detchd
TA,TA,221000,1,Attchd
Fa,TA,205000,3,Attchd
,TA,152000,0,Detchd
,TA,225000,0,Attchd
Gd,TA,359100,2,Basment
,TA,118500,0,Attchd
Ex,TA,313000,2,Attchd
TA,TA,148000,1,Attchd
TA,TA,261500,1,BuiltIn
,,147000,0,
,,75500,0,
,TA,137500,0,Attchd
Gd,TA,183200,1,Attchd
,TA,105500,0,Detchd
Gd,TA,314813,1,Attchd
Gd,TA,305000,2,Attchd
,,67000,0,
TA,TA,240000,1,Attchd
,TA,135000,0,Detchd
TA,TA,168500,1,Detchd
TA,TA,165150,1,Attchd
,TA,160000,0,Attchd
TA,TA,139900,1,Attchd
Gd,TA,153000,2,Basment
TA,TA,135000,2,Attchd
,TA,168500,0,Attchd
,Fa,124000,0,Detchd
Gd,TA,209500,1,Attchd
TA,TA,82500,1,Attchd
,TA,139400,0,Attchd
,TA,144000,0,Detchd
,,200000,0,
Po,,60000,1,
,TA,93000,0,BuiltIn
,,85000,0,
Gd,TA,264561,1,Attchd
Gd,TA,274000,1,Attchd
TA,TA,226000,1,Attchd
TA,TA,345000,3,Attchd
,TA,152000,0,Attchd
Gd,TA,370878,1,Attchd
,TA,143250,0,Detchd
,TA,98300,0,Detchd
Gd,TA,155000,2,Attchd
TA,TA,155000,1,Attchd
,,84500,0,
,TA,205950,0,Attchd
Gd,Fa,108000,1,Detchd
TA,TA,191000,1,Attchd
,TA,135000,0,Detchd
TA,TA,350000,1,Attchd
,TA,88000,0,Detchd
,TA,145500,0,Attchd
Gd,TA,149000,1,Attchd
Gd,TA,97500,1,Attchd
,TA,167000,0,Detchd
TA,TA,197900,1,Attchd
TA,TA,402000,1,Attchd
TA,TA,110000,2,Attchd
,TA,137500,0,Detchd
Ex,TA,423000,1,Attchd
TA,TA,230500,1,Attchd
Po,TA,129000,1,CarPort
Fa,TA,193500,1,Attchd
TA,TA,168000,1,Detchd
Gd,TA,137500,1,Detchd
,TA,173500,0,Attchd
,TA,103600,0,Detchd
TA,TA,165000,1,Attchd
TA,TA,257500,2,Attchd
Gd,TA,140000,1,Attchd
TA,TA,148500,1,Attchd
,Fa,87000,0,2Types
,Fa,109500,0,Detchd
Gd,TA,372500,1,Attchd
,TA,128500,0,Detchd
TA,TA,143000,1,Attchd
,TA,159434,0,Detchd
Gd,TA,173000,1,Attchd
TA,TA,285000,1,Attchd
,TA,221000,0,Attchd
TA,TA,207500,1,Attchd
,TA,227875,0,Attchd
,TA,148800,0,Detchd
Gd,TA,392000,1,Attchd
Gd,TA,194700,1,Attchd
TA,TA,141000,1,Attchd
Ex,TA,755000,2,Attchd
Gd,TA,335000,2,Attchd
,TA,108480,0,Detchd
,TA,141500,0,Detchd
TA,TA,176000,1,Attchd
,TA,89000,0,Detchd
,TA,123500,0,Detchd
Gd,TA,138500,1,Detchd
,TA,196000,0,Attchd
Gd,TA,312500,1,Attchd
,TA,140000,0,Attchd
Gd,TA,361919,1,BuiltIn
Po,TA,140000,1,Detchd
,TA,213000,0,Attchd
,,55000,0,
TA,TA,302000,2,Attchd
Gd,TA,254000,1,Attchd
Gd,TA,179540,1,Attchd
,TA,109900,0,Attchd
,,52000,0,
,TA,102776,0,Detchd
Gd,TA,189000,1,Attchd
,TA,129000,0,Detchd
,TA,130500,0,Attchd
TA,TA,165000,1,Attchd
,TA,159500,0,Detchd
Fa,TA,157000,1,Attchd
TA,TA,341000,1,Attchd
Po,TA,128500,1,Attchd
TA,TA,275000,1,Attchd
,TA,143000,0,Attchd
,TA,124500,0,Detchd
,TA,135000,0,Detchd
Gd,TA,320000,1,Attchd
,TA,120500,0,Detchd
Gd,TA,222000,1,Attchd
,TA,194500,0,Attchd
,TA,110000,0,Detchd
,TA,103000,0,Detchd
TA,TA,236500,1,Attchd
Gd,TA,187500,1,Attchd
TA,TA,222500,1,Attchd
TA,TA,131400,1,Attchd
,TA,108000,0,Attchd
TA,TA,163000,2,Detchd
,TA,93500,0,Detchd
Gd,TA,239900,1,Attchd
,,179000,0,
,TA,190000,0,Attchd
,TA,132000,0,Detchd
,TA,142000,0,Detchd
,TA,179000,0,Attchd
TA,TA,175000,1,Attchd
TA,TA,180000,1,Attchd
TA,TA,299800,2,BuiltIn
TA,TA,236000,1,BuiltIn
Gd,TA,265979,1,Detchd
TA,TA,260400,1,Attchd
,TA,98000,0,Detchd
,,96500,0,
,TA,162000,0,Attchd
,TA,217000,0,Attchd
Gd,TA,275500,1,Attchd
,TA,156000,0,Detchd
,TA,172500,0,Detchd
,TA,212000,0,Attchd
TA,TA,158900,1,Attchd
,TA,179400,0,Detchd
TA,TA,290000,1,Attchd
,Ex,127500,0,Detchd
,TA,100000,0,Detchd
,TA,215200,0,Attchd
Gd,TA,337000,1,Attchd
Gd,TA,270000,1,Attchd
Gd,TA,264132,1,Attchd
TA,TA,196500,1,Attchd
,TA,160000,0,Attchd
Gd,TA,216837,1,Attchd
Gd,TA,538000,1,BuiltIn
,TA,134900,0,Detchd
,TA,102000,0,Detchd
TA,TA,107000,1,Detchd
,TA,114500,0,Attchd
Gd,TA,395000,1,Attchd
,TA,162000,0,Attchd
,TA,221500,0,Attchd
Fa,TA,142500,1,Attchd
TA,TA,144000,2,Detchd
,TA,135000,0,Attchd
TA,TA,176000,1,Attchd
,TA,175900,0,Attchd
,TA,187100,0,Attchd
TA,TA,165500,1,Attchd
Gd,,128000,1,
Gd,TA,161500,1,Attchd
,TA,139000,0,Detchd
,TA,233000,0,BuiltIn
,Fa,107900,0,Detchd
,TA,187500,0,Attchd
Gd,TA,160200,1,Attchd
TA,TA,146800,2,Attchd
TA,TA,269790,1,Attchd
,TA,225000,0,Attchd
TA,TA,194500,1,Attchd
TA,TA,171000,1,Attchd
TA,TA,143500,1,Attchd
,TA,110000,0,Attchd
Gd,TA,485000,2,BuiltIn
TA,TA,175000,2,Detchd
,TA,200000,0,Attchd
,TA,109900,0,Detchd
Gd,TA,189000,1,Attchd
Gd,TA,582933,1,BuiltIn
,TA,118000,0,Attchd
,TA,227680,0,Attchd
,TA,135500,0,Attchd
TA,TA,223500,1,Attchd
Gd,TA,159950,1,Attchd
,Fa,106000,0,Detchd
Fa,TA,181000,1,Attchd
Gd,TA,144500,1,Attchd
,TA,55993,0,Basment
,TA,157900,0,Attchd
,TA,116000,0,Detchd
,TA,224900,0,Attchd
Gd,TA,137000,1,Attchd
Gd,TA,271000,2,Attchd
,TA,155000,0,Attchd
Gd,TA,224000,1,Attchd
,TA,183000,0,Attchd
,TA,93000,0,Detchd
Gd,TA,225000,1,BuiltIn
Gd,TA,139500,1,Detchd
Gd,TA,232600,1,Attchd
Gd,TA,385000,1,Attchd
,,109500,0,
TA,TA,189000,1,Attchd
,TA,185000,0,Attchd
,TA,147400,0,Detchd
Gd,TA,166000,2,Attchd
,TA,151000,0,Detchd
TA,TA,237000,1,Attchd
,TA,167000,0,Attchd
,TA,139950,0,Attchd
,TA,128000,0,Attchd
,TA,153500,0,Detchd
,TA,100000,0,Detchd
,TA,144000,0,Attchd
,TA,130500,0,Detchd
,TA,140000,0,Detchd
Po,Gd,157500,1,Detchd
,Gd,174900,0,Attchd
,,141000,0,
Gd,TA,153900,1,Detchd
TA,TA,171000,2,Basment
TA,TA,213000,1,Attchd
Fa,TA,133500,1,Attchd
Gd,Fa,240000,1,Detchd
TA,TA,187000,1,Attchd
,TA,131500,0,Attchd
TA,TA,215000,1,Attchd
Gd,TA,164000,2,Detchd
Fa,TA,158000,1,Attchd
Gd,TA,170000,1,Attchd
,TA,127000,0,Detchd
,TA,147000,0,Detchd
TA,TA,174000,1,Attchd
TA,TA,152000,1,Attchd
Gd,TA,250000,1,Attchd
Gd,TA,189950,1,Detchd
,TA,131500,0,Attchd
,TA,152000,0,Attchd
,TA,132500,0,Attchd
,TA,250580,0,Attchd
,TA,148500,0,Detchd
Gd,TA,248900,1,Attchd
,TA,129000,0,Attchd
TA,TA,169000,1,Attchd
TA,TA,236000,1,Attchd
,TA,109500,0,Detchd
,TA,200500,0,Attchd
,TA,116000,0,Attchd
Gd,TA,133000,1,Attchd
,TA,66500,0,Detchd
Gd,TA,303477,1,BuiltIn
,TA,132250,0,Attchd
Gd,TA,350000,1,Attchd
,TA,148000,0,Detchd
,TA,136500,0,Attchd
,TA,157000,0,Attchd
TA,TA,187500,1,Attchd
TA,TA,178000,1,BuiltIn
,TA,118500,0,Detchd
,TA,100000,0,Attchd
TA,TA,328900,1,Attchd
,TA,145000,0,Attchd
,TA,135500,0,Attchd
TA,TA,268000,1,Attchd
TA,TA,149500,1,Attchd
Po,TA,122900,1,Detchd
TA,TA,172500,1,Attchd
,TA,154500,0,Attchd
Gd,TA,165000,1,Attchd
,TA,118858,0,Attchd
TA,TA,140000,1,Attchd
,TA,106500,0,Detchd
,TA,142953,0,Detchd
Gd,TA,611657,2,Attchd
TA,TA,135000,1,Attchd
,TA,110000,0,Detchd
,TA,153000,0,Detchd
Gd,TA,180000,1,Attchd
Gd,TA,240000,1,Attchd
,TA,125500,0,Attchd
,TA,128000,0,Attchd
Gd,TA,255000,1,Attchd
Gd,Fa,250000,1,Attchd
,TA,131000,0,Attchd
Gd,TA,174000,1,Attchd
,TA,154300,0,Detchd
,TA,143500,0,Detchd
,TA,88000,0,Detchd
,TA,145000,0,2Types
,TA,173733,0,Detchd
,TA,75000,0,Attchd
,TA,35311,0,Detchd
,TA,135000,0,Attchd
TA,TA,238000,1,Attchd
TA,TA,176500,1,Attchd
,TA,201000,0,Attchd
,,145900,0,
Gd,TA,169990,1,Attchd
Fa,TA,193000,1,Attchd
TA,TA,207500,1,Attchd
,TA,175000,0,Attchd
Gd,TA,285000,1,BuiltIn
Gd,TA,176000,1,Attchd
TA,TA,236500,1,Attchd
TA,TA,222000,1,BuiltIn
,TA,201000,0,Attchd
,TA,117500,0,Detchd
Gd,TA,320000,1,Attchd
,TA,190000,0,Attchd
Gd,TA,242000,1,Attchd
,TA,79900,0,Detchd
,TA,184900,0,Attchd
Gd,TA,253000,1,Attchd
,TA,239799,0,Attchd
TA,TA,244400,2,Attchd
,TA,150900,0,Attchd
TA,TA,214000,1,BuiltIn
,,150000,0,
,TA,143000,0,Attchd
Gd,TA,137500,1,Basment
,TA,124900,0,Detchd
TA,TA,143000,1,Attchd
Gd,TA,270000,1,Attchd
TA,TA,192500,1,Attchd
TA,TA,197500,1,Attchd
,TA,129000,0,Detchd
,TA,119900,0,Detchd
,TA,133900,0,Detchd
Po,TA,172000,1,Attchd
,,127500,0,
,TA,145000,0,Attchd
TA,TA,124000,1,Attchd
,TA,132000,0,Detchd
,TA,185000,0,Attchd
,TA,155000,0,Detchd
,,116500,0,
TA,TA,272000,1,Attchd
TA,TA,155000,1,Detchd
,TA,239000,0,Attchd
Gd,TA,214900,1,BuiltIn
Gd,TA,178900,1,Attchd
TA,TA,160000,2,Detchd
,TA,135000,0,Attchd
,,37900,0,
,TA,140000,0,Attchd
,,135000,0,
,TA,173000,0,BuiltIn
TA,TA,99500,1,Attchd
,TA,182000,0,Attchd
,TA,167500,0,Detchd
,TA,165000,0,Detchd
,,85500,0,
,TA,199900,0,Attchd
,TA,110000,0,Detchd
,TA,139000,0,Detchd
,TA,178400,0,Attchd
TA,TA,336000,1,Attchd
Gd,TA,159895,1,Attchd
Gd,TA,255900,1,Attchd
,TA,126000,0,Attchd
,TA,125000,0,Detchd
,Fa,117000,0,Attchd
Gd,TA,395192,1,Attchd
TA,TA,195000,1,Attchd
,TA,197000,0,Attchd
TA,TA,348000,1,Attchd
Gd,TA,168000,1,Attchd
Fa,TA,187000,1,Attchd
,TA,173900,0,Attchd
Gd,TA,337500,1,Attchd
,TA,121600,0,Detchd
,TA,136500,0,Attchd
TA,TA,185000,1,Attchd
Gd,TA,91000,1,Detchd
,TA,206000,0,Attchd
,TA,82000,0,Detchd
,Fa,86000,0,Detchd
Gd,TA,232000,1,Attchd
,TA,136905,0,Detchd
Gd,TA,181000,1,Attchd
,TA,149900,0,Attchd
TA,TA,163500,1,Attchd
,TA,88000,0,Attchd
Gd,TA,240000,1,Attchd
,,102000,0,
Gd,TA,135000,1,Attchd
,,100000,0,
TA,TA,165000,2,Detchd
,TA,85000,0,Detchd
Gd,TA,119200,1,Detchd
,TA,227000,0,Attchd
TA,TA,203000,1,Attchd
Ex,TA,187500,1,Attchd
TA,TA,160000,1,Attchd
Gd,TA,213490,1,Attchd
,TA,176000,0,Attchd
,TA,194000,0,Attchd
,Fa,87000,0,Detchd
Gd,TA,191000,1,Attchd
Gd,TA,287000,1,Attchd
,TA,112500,0,Detchd
Gd,TA,167500,2,Attchd
Gd,TA,293077,1,Attchd
Gd,TA,105000,1,Attchd
,TA,118000,0,Detchd
,,160000,0,
TA,TA,197000,2,Basment
TA,TA,310000,1,Attchd
,TA,230000,0,Attchd
Gd,Fa,119750,1,Basment
,TA,84000,0,Detchd
Ex,TA,315500,1,Attchd
TA,TA,287000,1,BuiltIn
TA,,97000,1,
,TA,80000,0,Attchd
TA,TA,155000,1,Attchd
,TA,173000,0,Attchd
Gd,TA,196000,1,Attchd
Ex,TA,262280,1,Attchd
Gd,TA,278000,1,Attchd
Gd,TA,139600,1,Attchd
Gd,TA,556581,1,BuiltIn
,TA,145000,0,Detchd
TA,TA,115000,1,Attchd
,TA,84900,0,Detchd
,TA,176485,0,Attchd
Gd,TA,200141,1,Attchd
TA,TA,165000,1,Attchd
Gd,TA,144500,1,Basment
Gd,TA,255000,1,Attchd
TA,TA,180000,1,Attchd
Gd,TA,185850,1,Attchd
Gd,TA,248000,1,BuiltIn
Gd,TA,335000,1,Attchd
Gd,TA,220000,1,Detchd
,TA,213500,0,Attchd
,TA,81000,0,Detchd
,TA,90000,0,Detchd
Gd,TA,110500,1,Detchd
Po,TA,154000,1,Attchd
,TA,328000,0,Attchd
TA,TA,178000,1,Attchd
,TA,167900,0,Attchd
Gd,TA,151400,1,Attchd
,TA,135000,0,Detchd
,TA,135000,0,Attchd
,TA,154000,0,Attchd
TA,TA,91500,1,Detchd
,TA,159500,0,Attchd
,TA,194000,0,Attchd
Gd,TA,219500,2,Attchd
TA,TA,170000,1,Attchd
,TA,138800,0,Attchd
Gd,TA,155900,1,Attchd
,TA,126000,0,Attchd
,TA,145000,0,Attchd
,TA,133000,0,Attchd
Gd,TA,192000,1,Attchd
Gd,TA,160000,2,Attchd
TA,TA,187500,1,Attchd
,TA,147000,0,Attchd
,TA,83500,0,Attchd
Gd,TA,252000,1,Attchd
,TA,137500,0,Detchd
Gd,TA,197000,1,Attchd
,TA,92900,0,Detchd
,TA,160000,0,Detchd
Gd,TA,136500,1,Detchd
,TA,146000,0,Detchd
,TA,129000,0,Attchd
Gd,TA,176432,1,Attchd
,,127000,0,
,TA,170000,0,Attchd
,TA,128000,0,Detchd
TA,TA,157000,1,Attchd
,TA,60000,0,Detchd
,TA,119500,0,Detchd
,TA,135000,0,Attchd
Fa,TA,159500,1,BuiltIn
,TA,106000,0,Detchd
TA,TA,325000,2,Attchd
TA,TA,179900,1,Attchd
Gd,TA,274725,1,BuiltIn
TA,TA,181000,1,Attchd
Gd,TA,280000,1,Attchd
TA,TA,188000,1,Attchd
Gd,TA,205000,1,Attchd
,TA,129900,0,Detchd
,TA,134500,0,Attchd
,TA,117000,0,Detchd
Gd,TA,318000,1,Attchd
TA,TA,184100,1,BuiltIn
,TA,130000,0,Attchd
,TA,140000,0,BuiltIn
,TA,133700,0,Attchd
Gd,TA,118400,1,Detchd
,TA,212900,0,Attchd
,TA,112000,0,Basment
,,118000,0,
TA,TA,163900,1,Attchd
TA,Fa,115000,1,Detchd
TA,TA,174000,1,Attchd
Gd,TA,259000,1,Attchd
Gd,TA,215000,1,BuiltIn
,TA,140000,0,Detchd
TA,TA,135000,2,Detchd
,,93500,0,
,Fa,117500,0,Detchd
TA,TA,239500,1,Attchd
TA,TA,169000,1,Attchd
Gd,TA,102000,1,Detchd
,TA,119000,0,Attchd
,,94000,0,
TA,TA,196000,2,Attchd
Gd,TA,144000,1,Detchd
,TA,139000,0,Detchd
TA,TA,197500,1,Attchd
TA,TA,424870,1,BuiltIn
,,80000,0,
,TA,80000,0,Detchd
Gd,TA,149000,1,Detchd
TA,TA,180000,1,Attchd
Gd,TA,174500,1,Attchd
Gd,TA,116900,1,Detchd
,TA,143000,0,Detchd
Gd,TA,124000,1,Attchd
Gd,TA,149900,2,Attchd
Gd,TA,230000,1,Attchd
,TA,120500,0,Detchd
Gd,TA,201800,2,Attchd
Fa,TA,218000,1,Attchd
Gd,TA,179900,1,Attchd
Gd,TA,230000,1,Attchd
,TA,235128,0,Attchd
TA,Gd,185000,1,Attchd
TA,TA,146000,1,Attchd
Gd,TA,224000,1,Detchd
Po,TA,129000,1,Attchd
,Fa,108959,0,CarPort
TA,TA,194000,1,Attchd
,TA,233170,0,Attchd
,TA,245350,0,Attchd
TA,TA,173000,1,Attchd
TA,TA,235000,2,Basment
TA,TA,625000,1,Attchd
Po,TA,171000,1,Attchd
TA,TA,163000,1,Attchd
,TA,171900,0,Detchd
Gd,,200500,1,
Gd,TA,239000,1,Detchd
TA,TA,285000,1,Attchd
,TA,119500,0,Attchd
,TA,115000,0,Detchd
Gd,Fa,154900,1,Detchd
Gd,,93000,1,
,TA,250000,0,Attchd
Gd,TA,392500,1,Attchd
TA,TA,745000,2,Attchd
Gd,TA,120000,1,Detchd
TA,TA,186700,2,2Types
,TA,104900,0,Attchd
,Fa,95000,0,CarPort
Fa,TA,262000,1,Attchd
,TA,195000,0,Attchd
TA,TA,189000,1,Attchd
TA,TA,168000,1,2Types
,TA,174000,0,Detchd
,TA,125000,0,Detchd
,TA,165000,0,Attchd
,TA,158000,0,Attchd
,TA,176000,0,Attchd
Gd,TA,219210,1,BuiltIn
Gd,TA,144000,1,Detchd
,TA,178000,0,Attchd
Po,TA,148000,1,Attchd
,TA,116050,0,Attchd
,TA,197900,0,Attchd
Fa,TA,117000,1,Detchd
TA,TA,213000,1,Attchd
,TA,153500,0,Attchd
TA,TA,271900,1,Attchd
,TA,107000,0,Detchd
,TA,200000,0,Attchd
,TA,140000,0,Detchd
Gd,TA,290000,1,Attchd
TA,TA,189000,1,Attchd
,TA,164000,0,Basment
,TA,113000,0,Attchd
,TA,145000,0,Attchd
,TA,134500,0,Attchd
,TA,125000,0,Detchd
,TA,112000,0,Attchd
,TA,229456,0,Attchd
,,80500,0,
,,91500,0,
,TA,115000,0,Attchd
TA,TA,134000,1,Attchd
Gd,TA,143000,1,Attchd
,TA,137900,0,Detchd
Gd,TA,184000,1,Attchd
,TA,145000,0,Attchd
Gd,TA,214000,1,BuiltIn
,TA,147000,0,Detchd
Gd,TA,367294,1,Attchd
,TA,127000,0,Basment
TA,TA,190000,1,BuiltIn
,TA,132500,0,Attchd
,TA,101800,0,CarPort
,TA,142000,0,Attchd
,,130000,0,
,Fa,138887,0,Detchd
,TA,175500,0,BuiltIn
Gd,TA,195000,1,BuiltIn
,TA,142500,0,Detchd
Gd,TA,265900,1,Attchd
,TA,224900,0,Attchd
,TA,248328,0,Attchd
TA,TA,170000,2,Attchd
Gd,TA,465000,1,Attchd
Gd,TA,230000,2,Detchd
TA,TA,178000,1,BuiltIn
,TA,186500,0,Attchd
,TA,169900,0,Attchd
Gd,Fa,129500,1,Detchd
,TA,119000,0,Attchd
TA,TA,244000,2,Attchd
Gd,TA,171750,1,Attchd
,TA,130000,0,Attchd
Gd,TA,294000,2,Attchd
Gd,TA,165400,1,BuiltIn
Gd,TA,127500,1,Detchd
TA,TA,301500,1,Attchd
,,99900,0,
,TA,190000,0,Attchd
,TA,151000,0,Attchd
TA,TA,181000,1,BuiltIn
,TA,128900,0,Attchd
TA,TA,161500,2,Attchd
Gd,TA,180500,1,Detchd
,TA,181000,0,Attchd
,TA,183900,0,Detchd
Gd,TA,122000,1,Detchd
Gd,TA,378500,1,Attchd
Gd,TA,381000,2,BuiltIn
,TA,144000,0,Attchd
TA,TA,260000,1,Attchd
Gd,TA,185750,1,Attchd
,TA,137000,0,Attchd
Gd,TA,177000,1,Basment
Gd,TA,139000,1,Detchd
,TA,137000,0,Detchd
TA,TA,162000,1,Attchd
Gd,TA,197900,1,Attchd
Gd,TA,237000,1,Attchd
,TA,68400,0,Detchd
,TA,227000,0,Attchd
TA,Gd,180000,1,Attchd
,TA,150500,0,Detchd
,,139000,0,
Gd,TA,169000,1,Detchd
Gd,TA,132500,1,Detchd
Gd,TA,143000,2,Attchd
,TA,190000,0,Attchd
Ex,TA,278000,1,Attchd
Gd,TA,281000,1,BuiltIn
Gd,TA,180500,1,Attchd
,TA,119500,0,Detchd
,TA,107500,0,Attchd
TA,TA,162900,1,Attchd
,TA,115000,0,Detchd
,TA,138500,0,Attchd
,TA,155000,0,Attchd
,TA,140000,0,Basment
Gd,TA,160000,3,Attchd
,TA,154000,0,Attchd
TA,TA,225000,1,Attchd
Gd,TA,177500,2,Attchd
TA,TA,290000,1,Attchd
,TA,232000,0,Attchd
,TA,130000,0,Detchd
Ex,TA,325000,2,Attchd
Gd,TA,202500,1,Attchd
,TA,138000,0,Detchd
,TA,147000,0,Attchd
,TA,179200,0,Attchd
TA,TA,335000,2,Attchd
,TA,203000,0,Attchd
Ex,Gd,302000,1,Attchd
TA,TA,333168,1,BuiltIn
TA,TA,119000,1,Detchd
Gd,TA,206900,2,Attchd
Gd,TA,295493,1,Attchd
Gd,TA,208900,1,Attchd
TA,TA,275000,1,Attchd
,TA,111000,0,Attchd
Gd,TA,156500,2,Attchd
,TA,72500,0,Detchd
TA,TA,190000,1,Attchd
,,82500,0,
Gd,TA,147000,1,Attchd
,,55000,0,
,,79000,0,
Ex,TA,130500,1,Attchd
TA,Fa,256000,2,Detchd
TA,TA,176500,1,Attchd
Gd,TA,227000,1,Attchd
,TA,132500,0,Detchd
Gd,Fa,100000,1,Detchd
,TA,125500,0,Detchd
,TA,125000,0,Attchd
TA,TA,167900,1,Attchd
,TA,135000,0,Detchd
,,52500,0,
,TA,200000,0,BuiltIn
,TA,128500,0,Attchd
,TA,123000,0,Detchd
,TA,155000,0,Detchd
Gd,TA,228500,1,Attchd
TA,Fa,177000,1,Detchd
TA,TA,155835,1,Attchd
,TA,108500,0,Detchd
Gd,Gd,262500,1,Attchd
Gd,TA,283463,1,Attchd
Fa,TA,215000,1,Attchd
,,122000,0,
,TA,200000,0,Detchd
Gd,TA,171000,1,Attchd
,TA,134900,0,Detchd
Ex,TA,410000,1,Attchd
TA,TA,235000,1,Attchd
TA,TA,170000,1,Attchd
,TA,110000,0,Attchd
Fa,TA,149900,1,Attchd
,TA,177500,0,Detchd
Gd,TA,315000,1,Attchd
,TA,189000,0,BuiltIn
Gd,TA,260000,1,Attchd
Gd,TA,104900,1,Attchd
Gd,TA,156932,1,BuiltIn
,TA,144152,0,Detchd
,TA,216000,0,Attchd
,TA,193000,0,Attchd
TA,TA,127000,1,Attchd
,TA,144000,0,Attchd
TA,TA,232000,1,Attchd
,TA,105000,0,Detchd
TA,TA,165500,1,BuiltIn
TA,TA,274300,1,Detchd
Gd,TA,466500,2,Attchd
Gd,TA,250000,1,Attchd
Gd,TA,239000,1,Attchd
,Fa,91000,0,Detchd
,TA,117000,0,Detchd
,TA,83000,0,Detchd
,TA,167500,0,BuiltIn
,TA,58500,0,Detchd
Gd,TA,237500,2,Attchd
,TA,157000,0,Detchd
,TA,112000,0,Attchd
,TA,105000,0,Detchd
,TA,125500,0,Detchd
TA,TA,250000,2,Attchd
Gd,TA,136000,1,Detchd
Gd,TA,377500,2,Attchd
Gd,TA,131000,1,Detchd
,TA,235000,0,Attchd
,TA,124000,0,Detchd
Po,TA,123000,1,Attchd
TA,Gd,163000,1,Detchd
Gd,TA,246578,1,Attchd
Gd,TA,281213,1,BuiltIn
TA,TA,160000,2,Detchd
,Fa,137500,0,Detchd
,TA,138000,0,Attchd
Gd,Fa,137450,1,Detchd
Gd,TA,120000,1,BuiltIn
TA,TA,193000,1,Attchd
Gd,TA,193879,1,Attchd
,TA,282922,0,Attchd
,TA,105000,0,Detchd
Gd,TA,275000,1,Attchd
,TA,133000,0,Detchd
,,112000,0,
,TA,125500,0,Detchd
TA,TA,215000,1,Attchd
,TA,230000,0,Attchd
,TA,140000,0,Attchd
,TA,90000,0,Detchd
Gd,TA,257000,1,Attchd
Gd,TA,207000,1,Detchd
TA,TA,175900,1,Attchd
,TA,122500,0,Detchd
TA,TA,340000,1,Attchd
,TA,124000,0,Detchd
TA,TA,223000,1,Attchd
TA,TA,179900,1,Attchd
Fa,TA,127500,1,Attchd
,TA,136500,0,Attchd
Gd,Gd,274970,1,Attchd
TA,TA,144000,1,Detchd
,TA,142000,0,Detchd
TA,TA,271000,2,Attchd
TA,TA,140000,1,Attchd
Gd,TA,119000,2,Attchd
TA,TA,182900,1,Attchd
Gd,TA,192140,1,BuiltIn
,TA,143750,0,Attchd
,Fa,64500,0,Detchd
TA,TA,186500,1,Attchd
Gd,TA,160000,1,Attchd
Gd,TA,174000,1,Attchd
,TA,120500,0,Detchd
Gd,TA,394617,1,Attchd
,TA,149700,0,Attchd
TA,TA,197000,1,Attchd
Gd,TA,191000,1,Detchd
TA,TA,149300,1,Attchd
Ex,TA,310000,1,Attchd
Gd,Fa,121000,1,Detchd
,TA,179600,0,Attchd
,TA,129000,0,Detchd
,TA,157900,0,Attchd
TA,TA,240000,1,Attchd
,Fa,112000,0,Detchd
,,92000,0,
,,136000,0,
Gd,TA,287090,1,Attchd
,TA,145000,0,Basment
,,84500,0,
,TA,185000,0,Attchd
TA,TA,175000,1,Attchd
TA,TA,210000,2,Attchd
Gd,TA,266500,2,Attchd
,TA,142125,0,Attchd
,TA,147500,0,Attchd
