layer,stream_norm_last,stream_norm_mean_rest,attn_add_last,mlp_add_last,cos_before_after_block
0,4.87934892793403,5.417240603267001,30.786764840859835,30.63866471844865,0.17999500758378553
1,55.864416561876695,58.266500164905395,9.452831984732496,7.54694601778355,0.9727409824612874
2,52.81635395372473,57.21311364700932,11.447664928381094,11.788445481113225,0.9568684518719595
3,57.12720431547847,63.71377720019334,9.884147432709295,22.372006991207922,0.9413860175578276
4,70.44759123704641,69.19646089393689,8.81803463113305,15.360843777772843,0.9703129667932591
5,70.79447568525954,74.39654825468283,14.213880302269946,19.095666924362842,0.9545419172681731
6,77.82044018969968,82.57384209903286,11.36864574922776,22.744773764017967,0.9589146916472617
7,85.37029386239358,91.35842141890166,9.354157276179087,22.487369106940204,0.9667991875271799
8,95.92834938765456,104.36000972898958,22.618546830239968,35.73694380860954,0.9461528773649944
9,120.43787547186349,127.24012671045234,13.805178808047183,47.42752919303427,0.961038613514141
10,154.9403752111543,160.306431653478,34.40314493261675,108.05357762390473,0.9338035436409741
11,251.27396041923865,253.01693022094705,193.3423555837484,73.67144465152595,0.8124085081965735
12,400.1966785901732,407.63556988048947,,,
