epoch,accuracy,loss,val_accuracy,val_loss
1,0.0525,6.3662,0.0664,6.3182
2,0.0622,5.8457,0.0664,6.2854
3,0.0656,5.7111,0.0803,6.346
4,0.073,5.6021,0.0838,6.4372
5,0.0795,5.49,0.0827,6.5674
6,0.0824,5.3638,0.0815,6.6525
7,0.0919,5.2174,0.0908,6.708
8,0.1011,5.0507,0.0896,6.8076
9,0.1121,4.8897,0.092,6.8882
10,0.126,4.7409,0.0966,6.9492
11,0.1347,4.5912,0.0908,7.0267
12,0.1468,4.4405,0.0955,7.0798
13,0.1604,4.2978,0.092,7.1571
14,0.1727,4.1638,0.092,7.189
15,0.1867,4.0268,0.0861,7.2334
16,0.2074,3.8895,0.092,7.2772
17,0.2232,3.7481,0.092,7.3264
18,0.2392,3.6182,0.0873,7.416
19,0.2589,3.4888,0.0861,7.4919
20,0.2778,3.3494,0.0861,7.5634
21,0.2977,3.2199,0.0815,7.6423
22,0.3258,3.0874,0.0827,7.7176
23,0.3447,2.9654,0.0768,7.7709
24,0.3752,2.8344,0.078,7.8528
25,0.4082,2.709,0.0768,7.9664
26,0.4308,2.5992,0.0757,8.0439
27,0.4542,2.4944,0.0687,8.1228
28,0.4923,2.3732,0.0675,8.17
29,0.519,2.2524,0.0698,8.2226
30,0.5453,2.1489,0.071,8.3103
31,0.5692,2.049,0.071,8.389
32,0.5923,1.9526,0.0722,8.492
33,0.6238,1.8456,0.0664,8.5965
34,0.6482,1.7542,0.0664,8.6785
35,0.6674,1.6656,0.0664,8.7517
36,0.6923,1.5818,0.0652,8.8063
37,0.7018,1.5058,0.0629,8.8651
38,0.7267,1.4199,0.0629,8.9541
39,0.7498,1.3417,0.0629,9.0231
40,0.7692,1.2735,0.0652,9.0837
41,0.7866,1.2018,0.0652,9.1448
42,0.8007,1.1279,0.064,9.2136
43,0.8199,1.059,0.0652,9.2345
44,0.8364,0.9943,0.0617,9.2689
45,0.8472,0.9419,0.0652,9.2829
46,0.8561,0.895,0.0664,9.3167
47,0.8645,0.8523,0.0722,9.3776
48,0.8771,0.7948,0.0722,9.4282
49,0.8874,0.7528,0.0675,9.4721
50,0.8987,0.7037,0.0652,9.522
51,0.906,0.6652,0.0629,9.5695
52,0.9121,0.6208,0.064,9.6185
53,0.9176,0.5802,0.064,9.6831
54,0.9244,0.5422,0.0675,9.7642
55,0.932,0.5034,0.064,9.8061
56,0.9359,0.469,0.0629,9.8599
57,0.9438,0.4368,0.0605,9.8755
58,0.9462,0.4091,0.064,9.9232
59,0.9506,0.3821,0.0664,9.9848
60,0.9535,0.3566,0.0629,10.0239
61,0.9559,0.335,0.0652,10.0513
62,0.9569,0.3167,0.064,10.1047
63,0.9577,0.2987,0.0617,10.1458
64,0.9604,0.2798,0.064,10.1881
65,0.9606,0.2658,0.0605,10.2313
66,0.9619,0.2518,0.0605,10.2814
67,0.9627,0.2401,0.064,10.3341
68,0.963,0.2278,0.0629,10.3647
69,0.963,0.2173,0.064,10.4118
70,0.9632,0.2087,0.0629,10.4468
71,0.9635,0.2017,0.0617,10.483
72,0.9638,0.1944,0.0605,10.5009
73,0.9635,0.1865,0.0605,10.5424
74,0.964,0.1803,0.057,10.5891
75,0.9638,0.1746,0.0582,10.6629
76,0.963,0.1724,0.0536,10.7118
77,0.9635,0.1666,0.0536,10.7586
78,0.9638,0.1616,0.0536,10.8274
79,0.9638,0.1576,0.0536,10.8467
80,0.9632,0.1536,0.0512,10.8954
81,0.963,0.151,0.0431,10.9794
82,0.9632,0.1465,0.0512,11.0485
83,0.9627,0.1421,0.0477,11.1033
84,0.9627,0.1389,0.0431,11.156
85,0.9627,0.136,0.0454,11.2053
86,0.9627,0.1342,0.0442,11.2629
87,0.9625,0.1314,0.0454,11.2963
88,0.9625,0.13,0.0501,11.3518
89,0.9625,0.1276,0.0454,11.4187
90,0.963,0.1256,0.0489,11.4081
91,0.9627,0.1246,0.0477,11.4787
92,0.9627,0.1212,0.0489,11.5551
93,0.9627,0.1191,0.0536,11.6019
94,0.963,0.1177,0.0547,11.6433
95,0.9625,0.1161,0.0524,11.684
96,0.9627,0.1148,0.0536,11.7009
97,0.9627,0.1131,0.0536,11.7423
98,0.9627,0.1117,0.0594,11.7652
99,0.963,0.1107,0.0559,11.7999
100,0.9622,0.113,0.0547,11.7859
