epoch,loss p=0,val_loss p=0,loss p=0.2,val_loss p=0.2,loss p=0.5,val_loss p=0.5,loss p=0.75,val_loss p=0.75
0,0.34125,0.2388,0.37781,0.22692,0.36148,0.26971,0.41103,0.42904
1,0.09082,0.14057,0.10501,0.12224,0.1521,0.13984,0.30016,0.29985
2,0.03822,0.13373,0.04102,0.14287,0.05678,0.12831,0.3121,0.22048
3,0.06476,0.13047,0.09413,0.12834,0.06545,0.14059,0.20661,0.17624
4,0.06091,0.12449,0.051,0.13223,0.05999,0.12972,0.10912,0.15228
5,0.03617,0.14014,0.04272,0.16508,0.07879,0.12596,0.06548,0.13905
6,0.0297,0.16707,0.03649,0.18457,0.05142,0.15066,0.12026,0.13229
7,0.04001,0.17784,0.05116,0.18225,0.0521,0.18011,0.14138,0.13632
8,0.04564,0.16654,0.04677,0.16606,0.05716,0.19103,0.22634,0.14258
9,0.03943,0.1462,0.04192,0.14837,0.05073,0.19661,0.09671,0.14822
10,0.03015,0.12856,0.04097,0.13341,0.08495,0.19067,0.10481,0.1536
11,0.02608,0.11996,0.02202,0.12486,0.07333,0.17489,0.06535,0.15372
12,0.02931,0.11787,0.02497,0.12044,0.07287,0.15634,0.17629,0.15648
13,0.03376,0.11805,0.04692,0.12038,0.06402,0.14271,0.16878,0.16974
14,0.03344,0.12022,0.03696,0.12467,0.11039,0.13721,0.11043,0.1831
15,0.02919,0.12601,0.04595,0.13286,0.06318,0.13322,0.1465,0.19234
16,0.02599,0.13463,0.04379,0.13982,0.07503,0.13505,0.16128,0.19961
17,0.02622,0.14272,0.03634,0.14288,0.03153,0.13421,0.06138,0.20182
18,0.02835,0.14633,0.04032,0.14464,0.04925,0.13724,0.10993,0.20784
19,0.02965,0.14459,0.02497,0.14509,0.06203,0.13997,0.14693,0.21665
20,0.029,0.13894,0.0482,0.14415,0.11177,0.14454,0.15011,0.2218
21,0.02702,0.13189,0.04049,0.14306,0.07735,0.15544,0.09135,0.22159
22,0.02535,0.12616,0.04793,0.14105,0.09814,0.16917,0.13771,0.22545
23,0.02524,0.1232,0.03633,0.13829,0.07935,0.17286,0.16878,0.22403
24,0.02635,0.12255,0.03196,0.13491,0.06794,0.16821,0.08961,0.21659
25,0.0271,0.12334,0.03502,0.13232,0.06334,0.15947,0.13827,0.20881
26,0.02656,0.12563,0.0364,0.13303,0.05966,0.15158,0.12838,0.1964
27,0.0254,0.12931,0.03528,0.13456,0.0483,0.14665,0.09403,0.18182
28,0.0248,0.13341,0.04373,0.13257,0.06801,0.1439,0.11988,0.16916
29,0.02511,0.13637,0.02916,0.13245,0.03394,0.14119,0.08021,0.1617
30,0.02566,0.13709,0.03046,0.13459,0.04373,0.13964,0.08344,0.15362
31,0.02574,0.13546,0.03016,0.13456,0.06294,0.13683,0.15878,0.149
32,0.02528,0.13236,0.02627,0.13559,0.05387,0.13432,0.10592,0.14549
33,0.02468,0.12903,0.02856,0.13625,0.02898,0.13099,0.09585,0.14588
34,0.02445,0.12652,0.03715,0.13659,0.0394,0.12811,0.08373,0.14757
35,0.02468,0.12525,0.03324,0.137,0.05413,0.12781,0.10283,0.14901
36,0.02498,0.12531,0.03338,0.14028,0.06438,0.1311,0.08252,0.15131
37,0.02493,0.12657,0.03104,0.1442,0.08908,0.1431,0.06944,0.15318
38,0.02463,0.12873,0.0412,0.14412,0.05692,0.1556,0.18658,0.16132
39,0.02437,0.13122,0.03914,0.14222,0.03982,0.1625,0.0797,0.16722
40,0.02437,0.1331,0.03157,0.13719,0.06186,0.16175,0.08451,0.17142
41,0.02452,0.13364,0.03601,0.13246,0.05441,0.15601,0.07364,0.17143
42,0.02451,0.13276,0.0311,0.12939,0.06358,0.15032,0.07872,0.17117
43,0.02428,0.13089,0.04392,0.12973,0.03178,0.14374,0.15038,0.17393
44,0.02414,0.12888,0.0356,0.13093,0.06742,0.13573,0.21092,0.18216
45,0.02414,0.12742,0.0214,0.13019,0.04559,0.12796,0.04255,0.18664
46,0.02425,0.12678,0.02615,0.12978,0.05111,0.12467,0.05523,0.1912
47,0.02431,0.12696,0.03616,0.13257,0.04017,0.1252,0.08575,0.19091
48,0.02424,0.12778,0.02541,0.13409,0.04152,0.12525,0.05053,0.18806
49,0.0241,0.12895,0.02855,0.13548,0.06345,0.12456,0.10142,0.18236
50,0.02401,0.13004,0.02955,0.13614,0.05469,0.12445,0.12176,0.17347
51,0.02402,0.13063,0.02789,0.13563,0.05838,0.12956,0.09836,0.1726
52,0.02406,0.13055,0.03031,0.13151,0.04755,0.1379,0.08425,0.17141
53,0.02403,0.12987,0.0366,0.12668,0.06109,0.14335,0.10132,0.17048
54,0.02394,0.12893,0.03202,0.1229,0.0368,0.14461,0.10715,0.16764
55,0.02389,0.12808,0.02899,0.12192,0.04577,0.14451,0.07619,0.16383
56,0.02387,0.12765,0.02545,0.12033,0.03362,0.14056,0.07606,0.15953
57,0.02387,0.12763,0.04898,0.12211,0.06743,0.14123,0.08631,0.15572
58,0.02385,0.128,0.02513,0.12764,0.04413,0.14341,0.08492,0.15637
59,0.02378,0.12866,0.0398,0.13441,0.03822,0.1432,0.10052,0.1569
60,0.02374,0.1293,0.04254,0.14049,0.05874,0.14003,0.0773,0.15769
61,0.02371,0.12965,0.02426,0.14319,0.02024,0.13679,0.07706,0.15902
62,0.02371,0.12971,0.04253,0.1416,0.03775,0.13296,0.07709,0.16197
63,0.02367,0.12952,0.03433,0.13668,0.0336,0.12673,0.11565,0.16655
64,0.02362,0.12925,0.02673,0.12912,0.03212,0.12211,0.12398,0.17192
65,0.02359,0.12893,0.02702,0.12446,0.03384,0.12064,0.0618,0.17385
66,0.02358,0.12877,0.03992,0.12066,0.03129,0.12068,0.06969,0.17698
67,0.02352,0.12898,0.03809,0.11943,0.03123,0.12277,0.0829,0.18255
68,0.02343,0.12936,0.03872,0.12074,0.0596,0.12717,0.10865,0.18464
69,0.02342,0.12955,0.02277,0.12366,0.05463,0.13523,0.07285,0.19229
70,0.02344,0.12973,0.0364,0.12995,0.04401,0.14248,0.09602,0.19937
71,0.0234,0.12989,0.03269,0.13745,0.04914,0.14897,0.07209,0.20252
72,0.02338,0.13,0.03015,0.13936,0.04651,0.1484,0.07455,0.19942
73,0.02338,0.12986,0.02488,0.13732,0.03857,0.14523,0.06807,0.19636
74,0.02333,0.12949,0.03323,0.13309,0.04061,0.14098,0.13557,0.19087
75,0.02332,0.12916,0.0314,0.12932,0.03682,0.13786,0.06419,0.18516
76,0.02328,0.12892,0.02372,0.12372,0.03515,0.13629,0.07296,0.17583
77,0.02324,0.12893,0.03036,0.12095,0.06104,0.13613,0.09218,0.16728
78,0.02322,0.12925,0.03715,0.12056,0.0487,0.13464,0.093,0.15867
79,0.02316,0.12958,0.0333,0.12314,0.05365,0.13187,0.10666,0.15716
80,0.02316,0.12967,0.02637,0.12407,0.03897,0.12844,0.13748,0.15504
81,0.02313,0.12946,0.03238,0.12903,0.01721,0.12731,0.09589,0.15366
82,0.02307,0.12927,0.03833,0.13168,0.0402,0.1268,0.05517,0.15167
83,0.02304,0.12916,0.02305,0.13105,0.03183,0.12462,0.09349,0.15002
84,0.02302,0.12941,0.02941,0.13068,0.04553,0.12536,0.081,0.14635
85,0.02301,0.12956,0.032,0.13022,0.06265,0.12789,0.18852,0.14861
86,0.02299,0.12941,0.02584,0.12872,0.05003,0.13303,0.08756,0.15143
87,0.02297,0.12935,0.03137,0.12988,0.06721,0.13953,0.0939,0.15262
88,0.02294,0.12935,0.03084,0.13102,0.02909,0.14271,0.1102,0.15587
89,0.02292,0.12936,0.03648,0.13307,0.04721,0.14319,0.08158,0.15687
90,0.0229,0.12933,0.02391,0.13263,0.05569,0.13862,0.07764,0.15623
91,0.02287,0.12901,0.03465,0.13579,0.05231,0.13364,0.1178,0.15856
92,0.0228,0.12885,0.0341,0.13561,0.05757,0.13027,0.11683,0.16204
93,0.02278,0.12876,0.0269,0.13231,0.03221,0.12987,0.06159,0.16455
94,0.02278,0.12877,0.03587,0.12961,0.08314,0.13511,0.11438,0.16442
95,0.02276,0.12888,0.03464,0.12624,0.03993,0.13846,0.17064,0.16803
96,0.02272,0.12927,0.0395,0.12614,0.10489,0.14247,0.05969,0.16836
97,0.02268,0.12929,0.04006,0.13009,0.04669,0.14625,0.08975,0.16694
98,0.0227,0.12943,0.02419,0.13884,0.04711,0.15211,0.05748,0.16583
99,0.02265,0.12925,0.03105,0.14497,0.06356,0.15712,0.08659,0.16213
100,0.02259,0.12869,0.02766,0.14646,0.05263,0.15543,0.10182,0.15868
101,0.02262,0.1286,0.0387,0.14338,0.04838,0.15205,0.10958,0.15886
102,0.02259,0.12896,0.03951,0.1357,0.02053,0.14552,0.08556,0.16099
103,0.02249,0.12928,0.02619,0.13074,0.04608,0.13647,0.08931,0.16659
104,0.0225,0.12927,0.0319,0.12614,0.06212,0.12966,0.14188,0.17226
105,0.02246,0.12879,0.03347,0.12361,0.05063,0.12501,0.13047,0.17599
106,0.02248,0.12852,0.0301,0.12203,0.06787,0.12233,0.13683,0.17705
107,0.02243,0.12845,0.02472,0.12108,0.04267,0.12404,0.06731,0.17481
108,0.02239,0.129,0.03639,0.12597,0.04816,0.12578,0.06118,0.17183
109,0.0224,0.12964,0.03137,0.13609,0.08137,0.12695,0.07753,0.17024
110,0.02239,0.12989,0.03368,0.14536,0.03008,0.13058,0.04882,0.16765
111,0.02236,0.12932,0.03407,0.14883,0.03721,0.13282,0.10133,0.16168
112,0.02231,0.12837,0.03495,0.14356,0.06019,0.13557,0.09992,0.1554
113,0.02222,0.12756,0.03526,0.13824,0.05126,0.13798,0.08045,0.15245
114,0.02226,0.12767,0.02193,0.13243,0.04758,0.13878,0.15763,0.15818
115,0.02229,0.12859,0.02618,0.12695,0.04258,0.13684,0.11212,0.16307
116,0.02222,0.12985,0.04858,0.12349,0.03706,0.13331,0.08018,0.16497
117,0.02207,0.13074,0.02962,0.12492,0.03676,0.13097,0.07741,0.16807
118,0.0222,0.13049,0.02358,0.12848,0.0451,0.13252,0.07691,0.16856
119,0.02221,0.12939,0.03386,0.13104,0.04583,0.13192,0.13475,0.16707
120,0.02215,0.12798,0.02569,0.13262,0.04254,0.12893,0.08294,0.16334
121,0.0221,0.12715,0.03648,0.13232,0.05095,0.12731,0.05833,0.15727
122,0.02205,0.12772,0.03068,0.13059,0.05886,0.1284,0.10559,0.15429
123,0.02193,0.12956,0.03818,0.13031,0.05766,0.13589,0.07711,0.15277
124,0.02187,0.13081,0.03141,0.12843,0.03967,0.13948,0.09472,0.14902
125,0.02188,0.13027,0.03175,0.12502,0.03727,0.1413,0.08484,0.1489
126,0.02182,0.12876,0.02298,0.12314,0.03288,0.14092,0.02492,0.14684
127,0.02174,0.12823,0.03934,0.12482,0.07583,0.13959,0.12709,0.14766
128,0.02175,0.12861,0.02707,0.12661,0.05677,0.13526,0.09204,0.14806
129,0.0217,0.12889,0.02574,0.13055,0.04555,0.13177,0.07745,0.14781
130,0.02168,0.1289,0.03821,0.13249,0.06363,0.12804,0.0789,0.14651
131,0.02157,0.1287,0.0206,0.13254,0.03959,0.12604,0.14338,0.15164
132,0.02157,0.12933,0.0288,0.13233,0.05968,0.12636,0.09961,0.15515
133,0.02157,0.13024,0.0283,0.13085,0.06107,0.12961,0.14138,0.16
134,0.02155,0.13038,0.02019,0.12926,0.03165,0.13487,0.03633,0.16491
135,0.02156,0.1295,0.04052,0.13002,0.03633,0.1373,0.10513,0.16642
136,0.02148,0.12829,0.03519,0.13497,0.04522,0.14103,0.10767,0.17193
137,0.02143,0.12802,0.03248,0.1378,0.03985,0.14315,0.08328,0.17648
138,0.0214,0.12904,0.02897,0.13685,0.03459,0.14403,0.11492,0.18127
139,0.02129,0.1304,0.02705,0.13458,0.05406,0.14198,0.08477,0.18308
140,0.02126,0.13102,0.03064,0.13063,0.06726,0.14071,0.09029,0.1808
141,0.02127,0.13,0.02561,0.12879,0.06927,0.13733,0.12846,0.17704
142,0.02119,0.12898,0.02464,0.12845,0.04148,0.13733,0.0409,0.17155
143,0.02112,0.12932,0.02684,0.12998,0.0576,0.13789,0.09911,0.16388
144,0.02104,0.12938,0.02457,0.12944,0.05046,0.13848,0.09256,0.1621
145,0.02105,0.12883,0.03478,0.12844,0.05119,0.13793,0.09451,0.15947
146,0.02101,0.12903,0.03803,0.13092,0.03873,0.13702,0.10257,0.15318
147,0.02101,0.13049,0.027,0.13152,0.03727,0.13456,0.07706,0.14764
148,0.02101,0.1309,0.03509,0.13275,0.06322,0.13278,0.12181,0.14764
149,0.02095,0.13016,0.03231,0.13006,0.05564,0.13146,0.08069,0.14813
150,0.02088,0.12919,0.02455,0.12737,0.03477,0.13066,0.11255,0.14853
151,0.02079,0.12862,0.03354,0.12696,0.03723,0.1345,0.05413,0.1479
152,0.02078,0.12973,0.02039,0.12701,0.02452,0.13696,0.09507,0.14801
153,0.02064,0.132,0.03344,0.12827,0.08094,0.13858,0.08572,0.14675
154,0.02074,0.13181,0.02649,0.12799,0.03446,0.13751,0.1134,0.14365
155,0.0207,0.13017,0.02385,0.1292,0.06359,0.13596,0.07283,0.14169
156,0.02059,0.12905,0.03547,0.13142,0.03934,0.13521,0.07916,0.14082
157,0.02052,0.1296,0.01855,0.13071,0.04308,0.13093,0.11165,0.14005
158,0.0205,0.13161,0.02642,0.13089,0.02693,0.12878,0.07882,0.1421
159,0.02056,0.13272,0.03033,0.13241,0.03907,0.12749,0.11345,0.14703
160,0.02052,0.13078,0.03857,0.13174,0.05845,0.1268,0.18134,0.15561
161,0.02033,0.1302,0.03771,0.13405,0.06172,0.12827,0.15248,0.16983
162,0.02032,0.13159,0.02597,0.13738,0.03146,0.13107,0.06287,0.18171
163,0.02031,0.1323,0.02217,0.14032,0.03545,0.13279,0.05469,0.18997
164,0.0204,0.13305,0.0338,0.13968,0.05503,0.13372,0.1426,0.19558
165,0.02033,0.13022,0.03175,0.13705,0.05062,0.13418,0.08604,0.19711
166,0.02012,0.12947,0.01872,0.1331,0.01897,0.13202,0.04173,0.19502
167,0.02009,0.13195,0.02685,0.12829,0.0544,0.13098,0.05701,0.19246
168,0.02008,0.13307,0.02079,0.12454,0.03996,0.13332,0.0655,0.18732
169,0.02015,0.13267,0.03453,0.12333,0.05329,0.137,0.07842,0.17857
170,0.02008,0.13046,0.03543,0.12732,0.04352,0.13939,0.10197,0.17373
171,0.01994,0.1304,0.03382,0.13132,0.0484,0.13574,0.07449,0.17266
172,0.02005,0.13237,0.02822,0.13575,0.07249,0.13132,0.0962,0.16672
173,0.01993,0.13334,0.02954,0.13855,0.06301,0.1282,0.16198,0.16301
174,0.01985,0.13196,0.02879,0.13677,0.05522,0.12606,0.07974,0.15998
175,0.01987,0.13049,0.04141,0.13134,0.05238,0.12724,0.0873,0.15781
176,0.01988,0.13241,0.03281,0.12549,0.05714,0.12695,0.12314,0.1578
177,0.01981,0.13417,0.03397,0.12363,0.07123,0.13046,0.08288,0.1554
178,0.01975,0.13383,0.02005,0.1244,0.04167,0.13347,0.05041,0.1529
179,0.01966,0.13269,0.02117,0.12619,0.04057,0.13658,0.08,0.15133
180,0.01952,0.13186,0.02674,0.12568,0.04887,0.13578,0.07258,0.14846
181,0.01966,0.13639,0.02105,0.12633,0.05255,0.13392,0.10479,0.14495
182,0.02016,0.13324,0.02646,0.12552,0.03999,0.12928,0.03107,0.14037
183,0.02153,0.13892,0.01506,0.12727,0.0166,0.12595,0.05006,0.13866
184,0.02231,0.13212,0.02582,0.1303,0.03795,0.12416,0.09046,0.1416
185,0.02055,0.13298,0.0278,0.13286,0.03626,0.12398,0.0885,0.14463
186,0.01968,0.1381,0.042,0.13206,0.0499,0.12577,0.15645,0.15539
187,0.02098,0.13296,0.0328,0.12739,0.04463,0.12546,0.04917,0.16367
188,0.0204,0.13237,0.02292,0.12396,0.04121,0.12704,0.12742,0.16595
189,0.01941,0.13424,0.02522,0.12311,0.0494,0.13442,0.05945,0.16849
190,0.02051,0.13156,0.02548,0.12262,0.04618,0.14051,0.08874,0.16927
191,0.02021,0.13429,0.02885,0.12527,0.05739,0.14381,0.07264,0.171
192,0.01929,0.13799,0.02712,0.13298,0.03755,0.14207,0.0465,0.17075
193,0.01992,0.13385,0.0405,0.147,0.04721,0.14124,0.0579,0.16797
194,0.01971,0.13339,0.03152,0.1554,0.05844,0.13804,0.12683,0.16492
195,0.01928,0.13628,0.02914,0.15423,0.03476,0.13379,0.06184,0.15964
196,0.01962,0.13413,0.04506,0.14133,0.03818,0.12803,0.14088,0.15919
197,0.01931,0.13275,0.03431,0.12736,0.06272,0.12394,0.08258,0.15935
198,0.01917,0.13373,0.03005,0.11748,0.03889,0.12055,0.10158,0.16225
199,0.01946,0.13314,0.02309,0.1149,0.04615,0.12109,0.0876,0.16215
200,0.0192,0.13581,0.04785,0.11553,0.05445,0.12083,0.06489,0.15913
201,0.01905,0.13701,0.03387,0.12292,0.0269,0.12176,0.09273,0.15775
202,0.01938,0.13286,0.0316,0.13591,0.04948,0.12545,0.10778,0.16168
203,0.01913,0.13172,0.03825,0.14686,0.02682,0.1282,0.0532,0.16423
204,0.01897,0.13418,0.04514,0.14974,0.06558,0.13464,0.10646,0.16736
205,0.019,0.13463,0.04644,0.14545,0.0682,0.13852,0.10738,0.16767
206,0.01895,0.13443,0.02789,0.13834,0.05159,0.14517,0.08376,0.16673
207,0.01874,0.13584,0.03845,0.12742,0.05338,0.14586,0.08022,0.16475
208,0.0188,0.13478,0.03771,0.11976,0.053,0.14305,0.07816,0.16121
209,0.01862,0.13576,0.02961,0.115,0.03136,0.13805,0.05523,0.15538
210,0.01861,0.1368,0.02873,0.11605,0.04017,0.13086,0.07506,0.15357
211,0.01864,0.13347,0.03956,0.12394,0.06879,0.12821,0.07745,0.1513
212,0.01873,0.13231,0.04599,0.13527,0.06547,0.12607,0.07927,0.14977
213,0.01874,0.13447,0.03148,0.14762,0.05281,0.12756,0.17666,0.15683
214,0.01855,0.13725,0.02726,0.15413,0.02414,0.12796,0.05971,0.162
215,0.01855,0.13761,0.03057,0.15146,0.04482,0.12673,0.07285,0.16281
216,0.01845,0.1355,0.03822,0.13851,0.05601,0.12413,0.09536,0.1619
217,0.01849,0.13508,0.03526,0.12366,0.06374,0.12242,0.14244,0.15948
218,0.01839,0.13557,0.01829,0.11653,0.03418,0.12032,0.14854,0.15785
219,0.01833,0.13281,0.04371,0.11414,0.04894,0.11994,0.08908,0.15872
220,0.01836,0.13239,0.03062,0.11602,0.05637,0.12367,0.06367,0.15906
221,0.01832,0.13626,0.03561,0.12597,0.0391,0.12819,0.09231,0.15655
222,0.01813,0.13703,0.03474,0.13603,0.05253,0.13226,0.07564,0.15181
223,0.01828,0.13626,0.02992,0.14149,0.03966,0.13561,0.13202,0.15181
224,0.01819,0.13483,0.02726,0.14144,0.04452,0.13641,0.14705,0.15429
225,0.01814,0.13562,0.04053,0.13705,0.04178,0.13792,0.1022,0.16131
226,0.01808,0.13657,0.03123,0.13083,0.04838,0.13731,0.09792,0.16764
227,0.01802,0.13577,0.02884,0.1237,0.02972,0.13592,0.09609,0.16946
228,0.01802,0.13752,0.02233,0.12032,0.04649,0.13517,0.08281,0.17245
229,0.01794,0.13782,0.04899,0.12277,0.04175,0.13167,0.09858,0.17311
230,0.01781,0.13587,0.04274,0.12711,0.06179,0.12863,0.11892,0.1791
231,0.01786,0.13649,0.03978,0.13137,0.04817,0.12598,0.103,0.18235
232,0.01788,0.13666,0.02856,0.13401,0.03629,0.12293,0.07724,0.18863
233,0.01762,0.1374,0.03349,0.13904,0.04902,0.12541,0.08389,0.19113
234,0.0177,0.13807,0.03006,0.1427,0.02604,0.1298,0.08606,0.18923
235,0.0178,0.13689,0.04366,0.13983,0.03089,0.13261,0.10015,0.18815
236,0.01782,0.1372,0.0269,0.13469,0.0649,0.13375,0.1382,0.18687
237,0.01773,0.1378,0.0353,0.13108,0.04698,0.13615,0.08067,0.18512
238,0.01769,0.13397,0.02762,0.13138,0.05489,0.14331,0.07966,0.17992
239,0.01831,0.14143,0.03063,0.12986,0.05372,0.14964,0.11374,0.17705
240,0.01919,0.13827,0.02405,0.12725,0.04699,0.15175,0.12412,0.18102
241,0.02035,0.14644,0.04059,0.12399,0.05221,0.14809,0.12805,0.18087
242,0.02117,0.14143,0.02412,0.12433,0.03145,0.14209,0.06298,0.17803
243,0.01948,0.13917,0.0303,0.12793,0.05406,0.13701,0.08841,0.17398
244,0.01773,0.13998,0.02682,0.12806,0.06918,0.13137,0.07427,0.16644
245,0.01806,0.13902,0.03243,0.126,0.05131,0.12843,0.09678,0.15887
246,0.01929,0.13948,0.03365,0.12886,0.05609,0.12768,0.06964,0.15257
247,0.01897,0.13734,0.02708,0.13429,0.0438,0.12535,0.09475,0.1474
248,0.01763,0.13951,0.03778,0.13567,0.04473,0.12479,0.11057,0.14793
249,0.01794,0.14161,0.03543,0.1331,0.03805,0.12466,0.10368,0.14957
250,0.01849,0.13918,0.02749,0.13188,0.03412,0.12537,0.14062,0.15155
251,0.01777,0.13977,0.02286,0.13058,0.03594,0.1262,0.09418,0.15395
252,0.0172,0.13994,0.02268,0.13001,0.04086,0.12813,0.1344,0.15635
253,0.0179,0.13838,0.02483,0.12926,0.05874,0.13302,0.07945,0.15666
254,0.0179,0.13638,0.0331,0.12895,0.04306,0.13754,0.08875,0.15401
255,0.01753,0.13973,0.0232,0.12906,0.02268,0.14128,0.11268,0.15524
256,0.01725,0.14197,0.02601,0.13061,0.06634,0.14446,0.10696,0.15646
257,0.01768,0.14309,0.02902,0.12898,0.05135,0.14723,0.11129,0.15846
258,0.01763,0.14274,0.0276,0.12818,0.03828,0.1506,0.12804,0.16544
259,0.01719,0.1404,0.03344,0.12715,0.04696,0.15008,0.08213,0.17033
260,0.01714,0.13987,0.03608,0.12776,0.06008,0.14484,0.07515,0.17213
261,0.01712,0.13986,0.02573,0.12732,0.04502,0.13795,0.1171,0.17388
262,0.01699,0.14015,0.02239,0.12591,0.03958,0.13048,0.09922,0.1723
263,0.01704,0.14174,0.02951,0.12239,0.03278,0.12509,0.1108,0.16752
264,0.01726,0.14557,0.02448,0.12357,0.06413,0.12817,0.07113,0.16166
265,0.01735,0.14106,0.02388,0.12495,0.05873,0.12922,0.11948,0.1576
266,0.0168,0.13956,0.02623,0.12752,0.02857,0.12578,0.07856,0.15247
267,0.01648,0.14116,0.03131,0.12952,0.03928,0.12151,0.05884,0.14839
268,0.01682,0.13918,0.02212,0.13077,0.03521,0.12373,0.08617,0.14446
269,0.01659,0.14061,0.02342,0.13097,0.04919,0.13128,0.11337,0.14635
270,0.01639,0.14181,0.03496,0.13072,0.04061,0.13612,0.0694,0.14847
271,0.0162,0.14259,0.02937,0.13213,0.04697,0.13917,0.1242,0.15248
272,0.01618,0.14079,0.0212,0.13259,0.06975,0.13781,0.06191,0.15499
273,0.01637,0.14124,0.02581,0.13158,0.02426,0.13459,0.09102,0.15781
274,0.0162,0.14173,0.02982,0.13037,0.05118,0.12935,0.03096,0.15974
275,0.0161,0.14109,0.03319,0.1305,0.05945,0.12583,0.06424,0.16055
276,0.01604,0.14498,0.02411,0.13134,0.0379,0.1229,0.0835,0.15881
277,0.01592,0.14235,0.01774,0.13057,0.03608,0.11934,0.08645,0.15466
278,0.01599,0.14406,0.02494,0.12894,0.05244,0.11918,0.06634,0.15115
279,0.01582,0.1441,0.01812,0.12539,0.02768,0.11627,0.06573,0.15082
280,0.01577,0.14317,0.02182,0.12337,0.03897,0.1154,0.05242,0.15154
281,0.01577,0.14459,0.03145,0.12209,0.03306,0.11661,0.09838,0.15314
282,0.01564,0.14328,0.02468,0.12257,0.04107,0.1196,0.09574,0.15778
283,0.01568,0.14206,0.03328,0.12404,0.06906,0.12656,0.0773,0.16047
284,0.01556,0.14705,0.03123,0.12965,0.04604,0.13442,0.12199,0.16716
285,0.01569,0.14178,0.02693,0.13373,0.0409,0.13999,0.10256,0.17664
286,0.01581,0.14988,0.0273,0.13765,0.05359,0.14191,0.1211,0.18512
287,0.01605,0.1426,0.02577,0.13952,0.04135,0.14081,0.11678,0.19213
288,0.01682,0.15289,0.03454,0.13776,0.04687,0.13629,0.1427,0.19518
289,0.01872,0.14612,0.03375,0.13584,0.0386,0.13115,0.06946,0.19288
290,0.02095,0.15247,0.02625,0.13237,0.03196,0.12704,0.06948,0.18619
291,0.02042,0.14862,0.03284,0.12972,0.07166,0.12538,0.12549,0.17798
292,0.01785,0.14091,0.03071,0.13022,0.04933,0.12226,0.09666,0.16753
293,0.01575,0.14891,0.03013,0.13234,0.04473,0.11945,0.06655,0.15747
294,0.01652,0.15126,0.02187,0.13075,0.02679,0.11774,0.08951,0.15277
295,0.01837,0.14457,0.0208,0.1287,0.05252,0.12138,0.0542,0.14831
296,0.0167,0.14789,0.03665,0.1286,0.04474,0.12693,0.07571,0.15047
297,0.01524,0.14903,0.02597,0.12884,0.04406,0.13085,0.06372,0.15434
298,0.01687,0.146,0.02137,0.13212,0.03712,0.13263,0.06906,0.15957
299,0.01664,0.14515,0.02171,0.13698,0.02729,0.13502,0.20944,0.1657
300,0.01507,0.14996,0.02504,0.13708,0.05218,0.13433,0.10696,0.17084
301,0.01568,0.14547,0.03004,0.13511,0.02992,0.13524,0.07564,0.17507
302,0.01581,0.14376,0.02597,0.13086,0.03244,0.14,0.09972,0.17865
303,0.01495,0.15163,0.03854,0.12746,0.05746,0.14185,0.06672,0.18193
304,0.0153,0.14561,0.03861,0.12293,0.06011,0.13683,0.07911,0.18223
305,0.01501,0.146,0.02474,0.12067,0.04114,0.1312,0.07889,0.18077
306,0.01462,0.15093,0.01679,0.1198,0.0573,0.12864,0.08682,0.177
307,0.01508,0.14418,0.03533,0.12444,0.07173,0.12906,0.08091,0.17156
308,0.01481,0.14763,0.0235,0.13158,0.0486,0.13241,0.0465,0.16487
309,0.01441,0.15137,0.03486,0.13735,0.03881,0.13658,0.08424,0.16175
310,0.01469,0.14781,0.03524,0.13824,0.06641,0.13806,0.12058,0.16181
311,0.0144,0.14772,0.02467,0.13485,0.048,0.13866,0.11298,0.16344
312,0.01433,0.14978,0.02394,0.13193,0.02615,0.13617,0.07889,0.16305
313,0.01456,0.14875,0.03242,0.12751,0.04351,0.13395,0.07045,0.16385
314,0.01415,0.14971,0.03095,0.12427,0.05038,0.13483,0.08403,0.16866
315,0.01419,0.15177,0.03324,0.12091,0.04384,0.13411,0.10068,0.16967
316,0.01436,0.1477,0.03596,0.12355,0.04191,0.13116,0.08621,0.16771
317,0.01398,0.14958,0.0324,0.1288,0.04488,0.12906,0.08212,0.16376
318,0.01404,0.15046,0.02586,0.13264,0.04548,0.12659,0.07445,0.16092
319,0.0142,0.15115,0.03283,0.13205,0.04526,0.12211,0.09103,0.15685
320,0.01384,0.14933,0.0279,0.13294,0.03695,0.11888,0.0824,0.15162
321,0.01391,0.1526,0.03783,0.13424,0.03638,0.11825,0.09236,0.15038
322,0.01426,0.14787,0.02856,0.13568,0.05527,0.11862,0.09091,0.14929
323,0.01424,0.15654,0.04353,0.14078,0.05626,0.12205,0.07302,0.15553
324,0.01474,0.14696,0.04285,0.14268,0.06805,0.1299,0.0961,0.16126
325,0.0163,0.16422,0.03075,0.13722,0.03681,0.13665,0.0712,0.16469
326,0.01986,0.1467,0.03152,0.12854,0.05564,0.14628,0.09938,0.16398
327,0.02153,0.1631,0.02704,0.12211,0.04327,0.15395,0.0857,0.16503
328,0.01764,0.15283,0.0254,0.11916,0.04419,0.15374,0.05637,0.16434
329,0.01382,0.1467,0.02493,0.11892,0.0265,0.14821,0.06461,0.16072
330,0.01577,0.16134,0.03194,0.12292,0.04757,0.14161,0.09919,0.1598
331,0.01662,0.15471,0.01867,0.13067,0.05118,0.13534,0.10714,0.16718
332,0.01486,0.14635,0.02724,0.13723,0.04256,0.13117,0.05045,0.17413
333,0.0149,0.15707,0.02789,0.1409,0.05026,0.12659,0.14285,0.18079
334,0.01545,0.15681,0.02876,0.14033,0.04664,0.1246,0.11288,0.19016
335,0.01511,0.14928,0.03141,0.13524,0.05121,0.12613,0.06319,0.19473
336,0.01384,0.15631,0.03438,0.13061,0.077,0.13221,0.10884,0.20117
337,0.01405,0.1584,0.03696,0.12829,0.06911,0.14119,0.09432,0.20532
338,0.01484,0.15236,0.03198,0.12745,0.03922,0.1489,0.08858,0.20518
339,0.0135,0.15292,0.03535,0.12874,0.04441,0.15293,0.12606,0.20035
340,0.01343,0.15674,0.02902,0.1303,0.0335,0.1539,0.09813,0.19435
341,0.01418,0.15114,0.02538,0.133,0.04962,0.1505,0.07103,0.1867
342,0.01295,0.1537,0.0297,0.13329,0.04852,0.14512,0.06878,0.17742
343,0.01335,0.15752,0.0281,0.13471,0.07007,0.13907,0.06495,0.16989
344,0.01415,0.15652,0.02336,0.13491,0.04029,0.13034,0.11106,0.16386
345,0.01327,0.15409,0.02562,0.13522,0.0439,0.12443,0.07966,0.16267
346,0.01304,0.15766,0.03297,0.13246,0.04359,0.12275,0.08325,0.16144
347,0.01351,0.15579,0.02918,0.12867,0.03315,0.1228,0.06293,0.16065
348,0.0134,0.15104,0.02175,0.12565,0.02555,0.1226,0.08958,0.15949
349,0.01339,0.1572,0.02795,0.12354,0.0605,0.12093,0.08964,0.15838
350,0.01283,0.15668,0.02402,0.12268,0.06849,0.12309,0.08589,0.15557
351,0.01276,0.15157,0.03012,0.12233,0.04819,0.12962,0.09979,0.15377
352,0.01329,0.15875,0.0377,0.12324,0.05737,0.13256,0.12785,0.15074
353,0.01309,0.15774,0.03915,0.12637,0.05008,0.12955,0.0901,0.15076
354,0.01252,0.15356,0.03353,0.13039,0.03955,0.1256,0.09592,0.15024
355,0.01263,0.15801,0.03802,0.13545,0.04285,0.12282,0.04869,0.15284
356,0.01236,0.15347,0.02154,0.13822,0.05507,0.12284,0.11783,0.15568
357,0.01225,0.15586,0.02613,0.13747,0.02391,0.12471,0.08922,0.15807
358,0.01216,0.16152,0.02619,0.13249,0.07884,0.12744,0.1183,0.16292
359,0.01227,0.15833,0.02782,0.12905,0.03286,0.126,0.0819,0.17016
360,0.01213,0.15804,0.02422,0.12688,0.03774,0.12493,0.06712,0.17647
361,0.0121,0.15803,0.02218,0.12266,0.05045,0.12177,0.11165,0.18087
362,0.01194,0.15857,0.02708,0.12008,0.02936,0.11952,0.12201,0.18422
363,0.0117,0.15625,0.02999,0.11992,0.03789,0.11981,0.04656,0.18399
364,0.01173,0.16133,0.0358,0.12027,0.04507,0.12084,0.12983,0.18419
365,0.01164,0.15884,0.027,0.12231,0.02757,0.12076,0.07863,0.18338
366,0.01158,0.16028,0.03362,0.12963,0.0593,0.12131,0.08157,0.18142
367,0.01172,0.15949,0.02684,0.13444,0.03,0.12597,0.08038,0.17967
368,0.01169,0.16131,0.03002,0.13682,0.02395,0.13035,0.0969,0.17526
369,0.01165,0.16021,0.02784,0.13503,0.05786,0.1344,0.11939,0.17709
370,0.01158,0.16479,0.03433,0.13208,0.04867,0.13941,0.06486,0.17721
371,0.01158,0.1587,0.02923,0.12865,0.07027,0.14587,0.08698,0.17679
372,0.01158,0.16492,0.03395,0.12717,0.05217,0.15037,0.11863,0.17463
373,0.01184,0.15787,0.03035,0.12471,0.04515,0.1512,0.06734,0.17114
374,0.01245,0.17248,0.03229,0.12442,0.05261,0.14703,0.08372,0.16643
375,0.01502,0.15587,0.03118,0.12468,0.0555,0.14158,0.09065,0.16089
376,0.02287,0.19701,0.0282,0.1296,0.03348,0.13566,0.11843,0.15676
377,0.03229,0.16136,0.03601,0.13609,0.05417,0.12831,0.13493,0.1537
378,0.02191,0.15858,0.02452,0.14084,0.05008,0.12286,0.10706,0.15241
379,0.01242,0.18005,0.02371,0.13947,0.04192,0.12012,0.118,0.15524
380,0.01946,0.15947,0.02954,0.13575,0.04077,0.11991,0.11966,0.15982
381,0.01586,0.15461,0.0223,0.12791,0.03246,0.12113,0.06556,0.16348
382,0.01487,0.17873,0.03768,0.12035,0.05577,0.12555,0.09287,0.16537
383,0.01558,0.16664,0.03612,0.11658,0.04664,0.12738,0.14802,0.17064
384,0.01304,0.15332,0.03174,0.11613,0.07369,0.13275,0.10416,0.17657
385,0.01547,0.16686,0.03232,0.11826,0.05843,0.13853,0.08926,0.18059
386,0.01172,0.17115,0.02365,0.12616,0.03808,0.14275,0.06252,0.18341
387,0.01373,0.15596,0.03518,0.13713,0.0628,0.14302,0.11553,0.18383
388,0.0127,0.16072,0.02819,0.14329,0.03796,0.13886,0.08268,0.18002
389,0.01155,0.17222,0.03807,0.14709,0.03831,0.13253,0.08348,0.17328
390,0.01326,0.16079,0.03558,0.14372,0.04008,0.12608,0.06518,0.1654
391,0.01092,0.15634,0.02791,0.13891,0.03958,0.12047,0.09162,0.15616
392,0.0124,0.16587,0.01902,0.13429,0.04563,0.11754,0.06731,0.15203
393,0.01158,0.16751,0.02648,0.13055,0.02702,0.11572,0.09911,0.14887
394,0.01144,0.1573,0.02644,0.12973,0.04469,0.11592,0.05349,0.14461
395,0.01191,0.1588,0.03357,0.13227,0.05413,0.11793,0.08741,0.14339
396,0.01101,0.16538,0.02629,0.13382,0.04083,0.12215,0.07291,0.14073
397,0.01168,0.16179,0.04596,0.13809,0.04551,0.1254,0.14967,0.1396
398,0.01082,0.162,0.0424,0.1408,0.06176,0.12775,0.08644,0.14029
399,0.01122,0.16809,0.02389,0.13675,0.02165,0.12996,0.11114,0.1446
400,0.0113,0.16656,0.02844,0.13335,0.03528,0.13603,0.26207,0.16375
401,0.01093,0.15953,0.02746,0.13215,0.05799,0.13751,0.13656,0.18554
402,0.01085,0.15997,0.02384,0.12939,0.05478,0.13629,0.08459,0.20249
403,0.01098,0.16498,0.03222,0.12483,0.03861,0.1337,0.07164,0.21393
404,0.01095,0.16244,0.03483,0.12219,0.07569,0.1373,0.09802,0.22293
405,0.01063,0.16379,0.03901,0.12463,0.04949,0.14686,0.10274,0.22641
406,0.01052,0.1689,0.02668,0.13246,0.03773,0.15236,0.07879,0.22537
407,0.0105,0.1636,0.03321,0.13612,0.03994,0.15142,0.09869,0.22071
408,0.01044,0.16011,0.03753,0.13476,0.05815,0.14299,0.11021,0.21339
409,0.0107,0.16411,0.03417,0.13211,0.07201,0.13226,0.0577,0.20555
410,0.01055,0.16587,0.03099,0.12823,0.05138,0.12324,0.07809,0.19515
411,0.01022,0.16495,0.02232,0.12465,0.04552,0.12134,0.09745,0.1831
412,0.01024,0.16948,0.0326,0.12231,0.02719,0.12427,0.06951,0.17106
413,0.01047,0.16957,0.03288,0.12118,0.05586,0.12706,0.0752,0.15788
414,0.01023,0.16448,0.02185,0.12374,0.04988,0.13078,0.10042,0.1499
415,0.01018,0.16453,0.02886,0.12986,0.08152,0.1299,0.06345,0.14236
416,0.01032,0.16398,0.03274,0.13732,0.04324,0.13551,0.1224,0.14013
417,0.01021,0.16436,0.01984,0.14048,0.03411,0.14325,0.13824,0.14824
418,0.01007,0.16932,0.03297,0.13803,0.0424,0.14915,0.0811,0.15464
419,0.0101,0.17004,0.02624,0.13547,0.04366,0.15106,0.11701,0.16002
420,0.01006,0.16702,0.02483,0.13327,0.03411,0.1485,0.08501,0.16331
421,0.00967,0.16767,0.02809,0.12783,0.05594,0.1419,0.08037,0.16507
422,0.00973,0.1678,0.0232,0.12393,0.06073,0.13559,0.05862,0.16609
423,0.00963,0.16966,0.02321,0.12386,0.03542,0.13021,0.07815,0.16642
424,0.00966,0.17075,0.03056,0.12654,0.04686,0.12539,0.13759,0.16472
425,0.00978,0.16972,0.0219,0.13221,0.02241,0.12274,0.07465,0.16276
426,0.00966,0.16839,0.02768,0.13995,0.03038,0.12133,0.09043,0.15831
427,0.00955,0.16909,0.03789,0.14136,0.08053,0.12916,0.09343,0.15312
428,0.00944,0.17075,0.03619,0.14038,0.11542,0.13347,0.13938,0.15239
429,0.00953,0.17179,0.02468,0.13712,0.05379,0.14251,0.0604,0.15497
430,0.00943,0.17015,0.03214,0.13161,0.04127,0.15779,0.08713,0.15892
431,0.00918,0.17026,0.03189,0.12767,0.04872,0.17023,0.07519,0.16494
432,0.00923,0.17024,0.02494,0.12468,0.05969,0.17503,0.06778,0.16925
433,0.00924,0.17143,0.03405,0.12499,0.06031,0.1704,0.06546,0.17035
434,0.00926,0.17236,0.0274,0.12828,0.05723,0.15816,0.08082,0.16883
435,0.00904,0.17043,0.02793,0.13361,0.05769,0.14128,0.12396,0.16459
436,0.00905,0.17329,0.0281,0.1384,0.04183,0.12877,0.10106,0.16304
437,0.0091,0.17176,0.03513,0.14116,0.06,0.12293,0.09014,0.16163
438,0.009,0.17296,0.03095,0.1422,0.06152,0.12328,0.07774,0.15878
439,0.00885,0.17284,0.02932,0.13892,0.04093,0.12458,0.08666,0.15665
440,0.009,0.17321,0.0359,0.13394,0.06073,0.12631,0.04269,0.15427
441,0.00887,0.17523,0.03417,0.12935,0.05025,0.12506,0.19883,0.1597
442,0.00878,0.17413,0.03905,0.12776,0.05464,0.11816,0.08691,0.16687
443,0.00878,0.17488,0.0346,0.12718,0.07306,0.11282,0.08544,0.16997
444,0.00879,0.17365,0.0246,0.12618,0.05845,0.11863,0.13137,0.17532
445,0.00871,0.17506,0.03481,0.12849,0.05475,0.12968,0.09487,0.17908
446,0.00865,0.17425,0.02133,0.13088,0.06907,0.13759,0.10294,0.17994
447,0.00861,0.17649,0.02821,0.13768,0.06826,0.14219,0.12512,0.18247
448,0.00864,0.1754,0.03404,0.14255,0.05126,0.14554,0.08245,0.18493
449,0.00843,0.1761,0.03045,0.1414,0.03061,0.1459,0.12852,0.18559
450,0.00859,0.17397,0.02454,0.13876,0.04658,0.14352,0.15144,0.18403
451,0.00872,0.17867,0.03226,0.13456,0.03767,0.13999,0.16156,0.18775
452,0.00876,0.17386,0.02534,0.13041,0.04218,0.13551,0.15329,0.19115
453,0.00917,0.18242,0.03524,0.12397,0.03619,0.12849,0.11953,0.19179
454,0.01033,0.17225,0.0367,0.12071,0.05481,0.12471,0.13651,0.18909
455,0.01306,0.19524,0.02859,0.12223,0.03537,0.12105,0.05338,0.18437
456,0.01878,0.17057,0.0269,0.12613,0.03376,0.11726,0.10667,0.18026
457,0.02369,0.18907,0.03033,0.13079,0.05155,0.1153,0.10646,0.1773
458,0.02066,0.17812,0.03588,0.14012,0.04467,0.11813,0.09242,0.17498
459,0.01254,0.17062,0.03587,0.14763,0.04165,0.12187,0.09556,0.17758
460,0.01158,0.19192,0.03337,0.14879,0.05905,0.12874,0.11559,0.17849
461,0.01456,0.18293,0.02794,0.14241,0.04126,0.13317,0.06897,0.17786
462,0.01365,0.17187,0.03481,0.13471,0.04504,0.13897,0.11046,0.17861
463,0.01184,0.17971,0.01864,0.12868,0.03957,0.14628,0.09117,0.17801
464,0.01082,0.17303,0.0308,0.1233,0.06614,0.15055,0.10875,0.17559
465,0.01199,0.16688,0.02405,0.12027,0.03436,0.15119,0.07846,0.1702
466,0.01181,0.17856,0.03388,0.12306,0.04719,0.14984,0.1052,0.16493
467,0.00945,0.18196,0.02983,0.12825,0.03677,0.14624,0.09409,0.16184
468,0.01051,0.17501,0.02825,0.13637,0.04423,0.13914,0.08578,0.15902
469,0.01099,0.17793,0.02254,0.14612,0.06849,0.12987,0.05546,0.15531
470,0.00884,0.17664,0.02809,0.14861,0.06193,0.12088,0.10967,0.15561
471,0.0102,0.16917,0.0317,0.14505,0.07947,0.1221,0.07719,0.1587
472,0.00982,0.17419,0.0408,0.1353,0.04985,0.12797,0.08382,0.16204
473,0.00863,0.18273,0.04037,0.12654,0.05257,0.13407,0.10043,0.16804
474,0.00974,0.17839,0.02719,0.12164,0.05295,0.13333,0.1018,0.17377
475,0.00901,0.1775,0.03731,0.12293,0.05296,0.13211,0.10367,0.17905
476,0.00883,0.1807,0.02919,0.12497,0.05926,0.13142,0.11071,0.18253
477,0.00925,0.17725,0.03111,0.12996,0.05692,0.13628,0.08333,0.18321
478,0.00849,0.17405,0.02851,0.13713,0.04842,0.14383,0.09548,0.17996
479,0.00887,0.18093,0.03009,0.14082,0.04029,0.14787,0.08577,0.17708
480,0.00867,0.17992,0.0279,0.13965,0.05894,0.14889,0.15656,0.17804
481,0.00837,0.17442,0.02698,0.13564,0.03321,0.14632,0.0735,0.1788
482,0.0088,0.17922,0.02934,0.12962,0.06684,0.14054,0.11691,0.17782
483,0.00837,0.17868,0.02059,0.12603,0.03791,0.13599,0.10497,0.17888
484,0.0083,0.17584,0.03472,0.12526,0.05853,0.12989,0.10186,0.17738
485,0.00857,0.18081,0.02602,0.12802,0.05996,0.1275,0.06128,0.17635
486,0.00823,0.18229,0.02158,0.13221,0.04714,0.12547,0.07462,0.17333
487,0.00823,0.17864,0.0267,0.13705,0.05902,0.12189,0.05067,0.16926
488,0.00835,0.18091,0.02853,0.13935,0.04284,0.11937,0.12242,0.16438
489,0.00811,0.17884,0.03133,0.1386,0.05456,0.12006,0.08398,0.16094
490,0.00834,0.17811,0.02914,0.13608,0.07076,0.13145,0.04963,0.1576
491,0.00834,0.17897,0.02948,0.13337,0.05796,0.14326,0.10787,0.15408
492,0.0082,0.18176,0.02108,0.12927,0.04025,0.15168,0.06059,0.15448
493,0.00823,0.18226,0.01938,0.12393,0.06572,0.15422,0.07593,0.156
494,0.00811,0.18106,0.03248,0.12114,0.06738,0.15526,0.12599,0.15894
495,0.00811,0.18467,0.01893,0.12082,0.04704,0.15411,0.06482,0.16228
496,0.00805,0.183,0.03098,0.12471,0.02722,0.15152,0.0928,0.16597
497,0.00797,0.18104,0.0238,0.12934,0.0349,0.14544,0.11033,0.16832
498,0.00802,0.18439,0.02399,0.13331,0.03467,0.13707,0.09218,0.16966
499,0.00804,0.18209,0.02959,0.13475,0.04458,0.12996,0.06699,0.17115
