t,word,gate,unit,value
1,i,f,1,0.7505
1,i,f,2,0.7641
1,i,f,3,0.7595
1,i,f,4,0.7609
1,i,f,5,0.758
1,i,f,6,0.7477
1,i,f,7,0.7563
1,i,f,8,0.7538
1,i,i,1,0.5102
1,i,i,2,0.5767
1,i,i,3,0.5348
1,i,i,4,0.5253
1,i,i,5,0.5265
1,i,i,6,0.538
1,i,i,7,0.5535
1,i,i,8,0.5168
1,i,o,1,0.5186
1,i,o,2,0.5885
1,i,o,3,0.5542
1,i,o,4,0.5529
1,i,o,5,0.5334
1,i,o,6,0.5598
1,i,o,7,0.5443
1,i,o,8,0.5325
1,i,c,1,0.0229
1,i,c,2,0.0405
1,i,c,3,-0.0576
1,i,c,4,-0.0254
1,i,c,5,-0.0197
1,i,c,6,-0.0427
1,i,c,7,-0.0398
1,i,c,8,0.0167
2,don't,f,1,0.7304
2,don't,f,2,0.7761
2,don't,f,3,0.7599
2,don't,f,4,0.7331
2,don't,f,5,0.7518
2,don't,f,6,0.7669
2,don't,f,7,0.7642
2,don't,f,8,0.7509
2,don't,i,1,0.5051
2,don't,i,2,0.5612
2,don't,i,3,0.5322
2,don't,i,4,0.518
2,don't,i,5,0.5364
2,don't,i,6,0.5623
2,don't,i,7,0.5448
2,don't,i,8,0.5242
2,don't,o,1,0.5107
2,don't,o,2,0.588
2,don't,o,3,0.548
2,don't,o,4,0.5143
2,don't,o,5,0.5434
2,don't,o,6,0.5928
2,don't,o,7,0.5622
2,don't,o,8,0.5243
2,don't,c,1,-0.004
2,don't,c,2,0.0056
2,don't,c,3,0.0158
2,don't,c,4,0.0354
2,don't,c,5,0.0433
2,don't,c,6,0.0198
2,don't,c,7,-0.0407
2,don't,c,8,0.0121
3,believe,f,1,0.7309
3,believe,f,2,0.7777
3,believe,f,3,0.759
3,believe,f,4,0.7267
3,believe,f,5,0.7527
3,believe,f,6,0.7812
3,believe,f,7,0.7562
3,believe,f,8,0.7287
3,believe,i,1,0.5223
3,believe,i,2,0.5703
3,believe,i,3,0.5484
3,believe,i,4,0.5119
3,believe,i,5,0.5471
3,believe,i,6,0.5624
3,believe,i,7,0.5293
3,believe,i,8,0.5206
3,believe,o,1,0.5123
3,believe,o,2,0.5758
3,believe,o,3,0.5394
3,believe,o,4,0.4906
3,believe,o,5,0.5319
3,believe,o,6,0.6065
3,believe,o,7,0.5433
3,believe,o,8,0.5172
3,believe,c,1,-0.0538
3,believe,c,2,-0.04
3,believe,c,3,0.0954
3,believe,c,4,0.0758
3,believe,c,5,0.1104
3,believe,c,6,0.0812
3,believe,c,7,0.008
3,believe,c,8,-0.0259
4,it,f,1,0.7454
4,it,f,2,0.7807
4,it,f,3,0.7561
4,it,f,4,0.7587
4,it,f,5,0.768
4,it,f,6,0.7477
4,it,f,7,0.7532
4,it,f,8,0.76
4,it,i,1,0.4983
4,it,i,2,0.5734
4,it,i,3,0.5342
4,it,i,4,0.5193
4,it,i,5,0.5272
4,it,i,6,0.5516
4,it,i,7,0.5557
4,it,i,8,0.5117
4,it,o,1,0.5146
4,it,o,2,0.6135
4,it,o,3,0.5742
4,it,o,4,0.55
4,it,o,5,0.5534
4,it,o,6,0.5752
4,it,o,7,0.5692
4,it,o,8,0.539
4,it,c,1,-0.0303
4,it,c,2,-0.0182
4,it,c,3,0.0064
4,it,c,4,0.0464
4,it,c,5,0.0592
4,it,c,6,0.0666
4,it,c,7,0.0086
4,it,c,8,-0.0175
5,luc,f,1,0.7525
5,luc,f,2,0.7763
5,luc,f,3,0.7606
5,luc,f,4,0.7417
5,luc,f,5,0.7532
5,luc,f,6,0.7749
5,luc,f,7,0.758
5,luc,f,8,0.7363
5,luc,i,1,0.5047
5,luc,i,2,0.5689
5,luc,i,3,0.5457
5,luc,i,4,0.513
5,luc,i,5,0.5451
5,luc,i,6,0.5661
5,luc,i,7,0.5395
5,luc,i,8,0.5192
5,luc,o,1,0.5213
5,luc,o,2,0.5752
5,luc,o,3,0.5481
5,luc,o,4,0.5219
5,luc,o,5,0.5538
5,luc,o,6,0.597
5,luc,o,7,0.5406
5,luc,o,8,0.5091
5,luc,c,1,-0.0555
5,luc,c,2,-0.0702
5,luc,c,3,0.0689
5,luc,c,4,0.0662
5,luc,c,5,0.0914
5,luc,c,6,0.0991
5,luc,c,7,0.0159
5,luc,c,8,-0.0576
6,is,f,1,0.7524
6,is,f,2,0.762
6,is,f,3,0.7642
6,is,f,4,0.7654
6,is,f,5,0.7607
6,is,f,6,0.7582
6,is,f,7,0.7402
6,is,f,8,0.7421
6,is,i,1,0.5134
6,is,i,2,0.5659
6,is,i,3,0.5339
6,is,i,4,0.5452
6,is,i,5,0.5448
6,is,i,6,0.5455
6,is,i,7,0.5456
6,is,i,8,0.5129
6,is,o,1,0.5338
6,is,o,2,0.5729
6,is,o,3,0.5458
6,is,o,4,0.5461
6,is,o,5,0.547
6,is,o,6,0.5794
6,is,o,7,0.5364
6,is,o,8,0.5369
6,is,c,1,-0.0645
6,is,c,2,-0.1317
6,is,c,3,0.0998
6,is,c,4,0.019
6,is,c,5,0.0312
6,is,c,6,0.1202
6,is,c,7,0.0458
6,is,c,8,-0.0241
7,not,f,1,0.7446
7,not,f,2,0.7777
7,not,f,3,0.7511
7,not,f,4,0.7216
7,not,f,5,0.7714
7,not,f,6,0.7767
7,not,f,7,0.7627
7,not,f,8,0.7272
7,not,i,1,0.519
7,not,i,2,0.5642
7,not,i,3,0.5424
7,not,i,4,0.4951
7,not,i,5,0.5478
7,not,i,6,0.5804
7,not,i,7,0.5411
7,not,i,8,0.5233
7,not,o,1,0.5215
7,not,o,2,0.5772
7,not,o,3,0.5541
7,not,o,4,0.4938
7,not,o,5,0.5573
7,not,o,6,0.6214
7,not,o,7,0.5525
7,not,o,8,0.5126
7,not,c,1,-0.121
7,not,c,2,-0.1708
7,not,c,3,0.1354
7,not,c,4,0.083
7,not,c,5,0.1403
7,not,c,6,0.2235
7,not,c,7,0.0881
7,not,c,8,-0.0719
8,only,f,1,0.7461
8,only,f,2,0.7845
8,only,f,3,0.7593
8,only,f,4,0.6943
8,only,f,5,0.7667
8,only,f,6,0.8023
8,only,f,7,0.7567
8,only,f,8,0.7085
8,only,i,1,0.5084
8,only,i,2,0.5724
8,only,i,3,0.5414
8,only,i,4,0.4761
8,only,i,5,0.5631
8,only,i,6,0.6066
8,only,i,7,0.5225
8,only,i,8,0.5123
8,only,o,1,0.5033
8,only,o,2,0.5774
8,only,o,3,0.5552
8,only,o,4,0.4535
8,only,o,5,0.5415
8,only,o,6,0.6634
8,only,o,7,0.5549
8,only,o,8,0.501
8,only,c,1,-0.2068
8,only,c,2,-0.2769
8,only,c,3,0.2491
8,only,c,4,0.163
8,only,c,5,0.2848
8,only,c,6,0.3503
8,only,c,7,0.1812
8,only,c,8,-0.1342
9,a,f,1,0.7497
9,a,f,2,0.776
9,a,f,3,0.765
9,a,f,4,0.7345
9,a,f,5,0.7744
9,a,f,6,0.7814
9,a,f,7,0.7373
9,a,f,8,0.7279
9,a,i,1,0.5252
9,a,i,2,0.5998
9,a,i,3,0.5557
9,a,i,4,0.4777
9,a,i,5,0.54
9,a,i,6,0.5814
9,a,i,7,0.544
9,a,i,8,0.5054
9,a,o,1,0.4975
9,a,o,2,0.6031
9,a,o,3,0.5707
9,a,o,4,0.5056
9,a,o,5,0.5679
9,a,o,6,0.6414
9,a,o,7,0.5447
9,a,o,8,0.5414
9,a,c,1,-0.2404
9,a,c,2,-0.2852
9,a,c,3,0.2579
9,a,c,4,0.1491
9,a,c,5,0.2586
9,a,c,6,0.3511
9,a,c,7,0.1679
9,a,c,8,-0.1239
10,genius,f,1,0.7524
10,genius,f,2,0.771
10,genius,f,3,0.7484
10,genius,f,4,0.7306
10,genius,f,5,0.7833
10,genius,f,6,0.757
10,genius,f,7,0.7422
10,genius,f,8,0.7405
10,genius,i,1,0.506
10,genius,i,2,0.5938
10,genius,i,3,0.5363
10,genius,i,4,0.4897
10,genius,i,5,0.5239
10,genius,i,6,0.5704
10,genius,i,7,0.5531
10,genius,i,8,0.4819
10,genius,o,1,0.4891
10,genius,o,2,0.6101
10,genius,o,3,0.5715
10,genius,o,4,0.5203
10,genius,o,5,0.5501
10,genius,o,6,0.6329
10,genius,o,7,0.5504
10,genius,o,8,0.5436
10,genius,c,1,-0.2209
10,genius,c,2,-0.283
10,genius,c,3,0.2182
10,genius,c,4,0.099
10,genius,c,5,0.1907
10,genius,c,6,0.3256
10,genius,c,7,0.1826
10,genius,c,8,-0.0824
11,now,f,1,0.7556
11,now,f,2,0.7719
11,now,f,3,0.7614
11,now,f,4,0.735
11,now,f,5,0.7757
11,now,f,6,0.7712
11,now,f,7,0.7421
11,now,f,8,0.7406
11,now,i,1,0.5072
11,now,i,2,0.5955
11,now,i,3,0.5375
11,now,i,4,0.4998
11,now,i,5,0.545
11,now,i,6,0.5768
11,now,i,7,0.5458
11,now,i,8,0.4931
11,now,o,1,0.492
11,now,o,2,0.6014
11,now,o,3,0.5631
11,now,o,4,0.5302
11,now,o,5,0.5592
11,now,o,6,0.628
11,now,o,7,0.5462
11,now,o,8,0.5404
11,now,c,1,-0.2316
11,now,c,2,-0.2769
11,now,c,3,0.2065
11,now,c,4,0.0309
11,now,c,5,0.1436
11,now,c,6,0.2911
11,now,c,7,0.193
11,now,c,8,-0.0575
12,he,f,1,0.7674
12,he,f,2,0.7684
12,he,f,3,0.7539
12,he,f,4,0.753
12,he,f,5,0.7913
12,he,f,6,0.7501
12,he,f,7,0.7527
12,he,f,8,0.7579
12,he,i,1,0.5076
12,he,i,2,0.59
12,he,i,3,0.5413
12,he,i,4,0.5063
12,he,i,5,0.515
12,he,i,6,0.5546
12,he,i,7,0.5625
12,he,i,8,0.4838
12,he,o,1,0.5065
12,he,o,2,0.6072
12,he,o,3,0.5774
12,he,o,4,0.554
12,he,o,5,0.5594
12,he,o,6,0.618
12,he,o,7,0.5513
12,he,o,8,0.5475
12,he,c,1,-0.1927
12,he,c,2,-0.2427
12,he,c,3,0.1097
12,he,c,4,-0.0236
12,he,c,5,0.071
12,he,c,6,0.2509
12,he,c,7,0.1773
12,he,c,8,-0.0187
13,has,f,1,0.7539
13,has,f,2,0.7669
13,has,f,3,0.7574
13,has,f,4,0.7416
13,has,f,5,0.7817
13,has,f,6,0.7625
13,has,f,7,0.752
13,has,f,8,0.7501
13,has,i,1,0.5166
13,has,i,2,0.5955
13,has,i,3,0.541
13,has,i,4,0.5101
13,has,i,5,0.5223
13,has,i,6,0.5677
13,has,i,7,0.5429
13,has,i,8,0.4947
13,has,o,1,0.4966
13,has,o,2,0.6009
13,has,o,3,0.5662
13,has,o,4,0.5287
13,has,o,5,0.5441
13,has,o,6,0.6212
13,has,o,7,0.5474
13,has,o,8,0.5365
13,has,c,1,-0.1814
13,has,c,2,-0.2044
13,has,c,3,0.0652
13,has,c,4,-0.0504
13,has,c,5,0.0394
13,has,c,6,0.2269
13,has,c,7,0.1886
13,has,c,8,0.0152
14,always,f,1,0.7577
14,always,f,2,0.7618
14,always,f,3,0.7609
14,always,f,4,0.7746
14,always,f,5,0.7855
14,always,f,6,0.7375
14,always,f,7,0.7476
14,always,f,8,0.7748
14,always,i,1,0.5222
14,always,i,2,0.5928
14,always,i,3,0.5439
14,always,i,4,0.5317
14,always,i,5,0.5113
14,always,i,6,0.5423
14,always,i,7,0.5655
14,always,i,8,0.5041
14,always,o,1,0.5007
14,always,o,2,0.6146
14,always,o,3,0.5751
14,always,o,4,0.5721
14,always,o,5,0.5603
14,always,o,6,0.5837
14,always,o,7,0.5493
14,always,o,8,0.5592
14,always,c,1,-0.0937
14,always,c,2,-0.094
14,always,c,3,-0.0618
14,always,c,4,-0.1133
14,always,c,5,-0.0811
14,always,c,6,0.1388
14,always,c,7,0.1203
14,always,c,8,0.0943
15,been,f,1,0.7389
15,been,f,2,0.7698
15,been,f,3,0.7566
15,been,f,4,0.7162
15,been,f,5,0.7609
15,been,f,6,0.7695
15,been,f,7,0.7719
15,been,f,8,0.7548
15,been,i,1,0.5344
15,been,i,2,0.5712
15,been,i,3,0.5478
15,been,i,4,0.5066
15,been,i,5,0.5515
15,been,i,6,0.5789
15,been,i,7,0.5516
15,been,i,8,0.5418
15,been,o,1,0.5144
15,been,o,2,0.5881
15,been,o,3,0.5546
15,been,o,4,0.5023
15,been,o,5,0.5543
15,been,o,6,0.6074
15,been,o,7,0.5613
15,been,o,8,0.5327
15,been,c,1,-0.1034
15,been,c,2,-0.0909
15,been,c,3,-0.0103
15,been,c,4,-0.0328
15,been,c,5,-0.0047
15,been,c,6,0.168
15,been,c,7,0.1032
15,been,c,8,0.0378
16,one,f,1,0.7504
16,one,f,2,0.7666
16,one,f,3,0.7606
16,one,f,4,0.7468
16,one,f,5,0.7737
16,one,f,6,0.758
16,one,f,7,0.7538
16,one,f,8,0.7589
16,one,i,1,0.5155
16,one,i,2,0.5615
16,one,i,3,0.538
16,one,i,4,0.5404
16,one,i,5,0.5402
16,one,i,6,0.5572
16,one,i,7,0.5552
16,one,i,8,0.5126
16,one,o,1,0.51
16,one,o,2,0.5899
16,one,o,3,0.5531
16,one,o,4,0.5123
16,one,o,5,0.5432
16,one,o,6,0.6184
16,one,o,7,0.5524
16,one,o,8,0.5459
16,one,c,1,-0.0672
16,one,c,2,-0.1607
16,one,c,3,0.0451
16,one,c,4,0.0079
16,one,c,5,-0.0342
16,one,c,6,0.2274
16,one,c,7,0.1471
16,one,c,8,0.0887
17,this,f,1,0.7423
17,this,f,2,0.7688
17,this,f,3,0.7629
17,this,f,4,0.7318
17,this,f,5,0.7874
17,this,f,6,0.7699
17,this,f,7,0.7513
17,this,f,8,0.7618
17,this,i,1,0.518
17,this,i,2,0.5635
17,this,i,3,0.5195
17,this,i,4,0.5358
17,this,i,5,0.5439
17,this,i,6,0.579
17,this,i,7,0.5731
17,this,i,8,0.5103
17,this,o,1,0.4989
17,this,o,2,0.6028
17,this,o,3,0.5704
17,this,o,4,0.4949
17,this,o,5,0.5476
17,this,o,6,0.6403
17,this,o,7,0.568
17,this,o,8,0.5408
17,this,c,1,-0.0429
17,this,c,2,-0.2001
17,this,c,3,0.0831
17,this,c,4,0.0838
17,this,c,5,-0.0164
17,this,c,6,0.3567
17,this,c,7,0.2195
17,this,c,8,0.1384
18,film,f,1,0.7343
18,film,f,2,0.789
18,film,f,3,0.7689
18,film,f,4,0.728
18,film,f,5,0.7726
18,film,f,6,0.7829
18,film,f,7,0.7575
18,film,f,8,0.7655
18,film,i,1,0.5175
18,film,i,2,0.6027
18,film,i,3,0.5663
18,film,i,4,0.4846
18,film,i,5,0.5406
18,film,i,6,0.5687
18,film,i,7,0.5514
18,film,i,8,0.5364
18,film,o,1,0.4943
18,film,o,2,0.6215
18,film,o,3,0.5717
18,film,o,4,0.5161
18,film,o,5,0.5794
18,film,o,6,0.63
18,film,o,7,0.5676
18,film,o,8,0.5506
18,film,c,1,-0.0839
18,film,c,2,-0.1324
18,film,c,3,0.056
18,film,c,4,0.0658
18,film,c,5,-0.0169
18,film,c,6,0.2713
18,film,c,7,0.1791
18,film,c,8,0.0809
19,is,f,1,0.7568
19,is,f,2,0.7621
19,is,f,3,0.7726
19,is,f,4,0.7586
19,is,f,5,0.7686
19,is,f,6,0.7661
19,is,f,7,0.7436
19,is,f,8,0.7544
19,is,i,1,0.5204
19,is,i,2,0.5807
19,is,i,3,0.5416
19,is,i,4,0.542
19,is,i,5,0.5537
19,is,i,6,0.5518
19,is,i,7,0.5576
19,is,i,8,0.5233
19,is,o,1,0.5264
19,is,o,2,0.5814
19,is,o,3,0.5509
19,is,o,4,0.5401
19,is,o,5,0.5591
19,is,o,6,0.5977
19,is,o,7,0.5373
19,is,o,8,0.5476
19,is,c,1,-0.0876
19,is,c,2,-0.1643
19,is,c,3,0.0737
19,is,c,4,-0.0
19,is,c,5,-0.0852
19,is,c,6,0.2398
19,is,c,7,0.1918
19,is,c,8,0.0925
20,for,f,1,0.7453
20,for,f,2,0.7727
20,for,f,3,0.772
20,for,f,4,0.7379
20,for,f,5,0.7605
20,for,f,6,0.7781
20,for,f,7,0.7577
20,for,f,8,0.7569
20,for,i,1,0.5236
20,for,i,2,0.5856
20,for,i,3,0.5473
20,for,i,4,0.5099
20,for,i,5,0.5743
20,for,i,6,0.584
20,for,i,7,0.5528
20,for,i,8,0.5428
20,for,o,1,0.5134
20,for,o,2,0.6009
20,for,o,3,0.5617
20,for,o,4,0.525
20,for,o,5,0.573
20,for,o,6,0.6001
20,for,o,7,0.5614
20,for,o,8,0.5375
20,for,c,1,-0.1175
20,for,c,2,-0.1424
20,for,c,3,0.0633
20,for,c,4,-0.0017
20,for,c,5,-0.0587
20,for,c,6,0.2137
20,for,c,7,0.173
20,for,c,8,0.0472
21,everyone,f,1,0.7548
21,everyone,f,2,0.7678
21,everyone,f,3,0.7621
21,everyone,f,4,0.7583
21,everyone,f,5,0.7663
21,everyone,f,6,0.7466
21,everyone,f,7,0.7626
21,everyone,f,8,0.7734
21,everyone,i,1,0.5141
21,everyone,i,2,0.6031
21,everyone,i,3,0.5478
21,everyone,i,4,0.511
21,everyone,i,5,0.5251
21,everyone,i,6,0.5487
21,everyone,i,7,0.5641
21,everyone,i,8,0.5157
21,everyone,o,1,0.5007
21,everyone,o,2,0.6166
21,everyone,o,3,0.5718
21,everyone,o,4,0.5644
21,everyone,o,5,0.562
21,everyone,o,6,0.571
21,everyone,o,7,0.5565
21,everyone,o,8,0.5465
21,everyone,c,1,-0.0726
21,everyone,c,2,-0.0136
21,everyone,c,3,-0.0681
21,everyone,c,4,-0.0747
21,everyone,c,5,-0.1287
21,everyone,c,6,0.0707
21,everyone,c,7,0.086
21,everyone,c,8,0.0606
22,who,f,1,0.7437
22,who,f,2,0.7678
22,who,f,3,0.7604
22,who,f,4,0.7468
22,who,f,5,0.752
22,who,f,6,0.7538
22,who,f,7,0.764
22,who,f,8,0.7563
22,who,i,1,0.5283
22,who,i,2,0.57
22,who,i,3,0.5506
22,who,i,4,0.5324
22,who,i,5,0.5455
22,who,i,6,0.5502
22,who,i,7,0.5458
22,who,i,8,0.5414
22,who,o,1,0.5177
22,who,o,2,0.5825
22,who,o,3,0.5408
22,who,o,4,0.5276
22,who,o,5,0.5585
22,who,o,6,0.5744
22,who,o,7,0.546
22,who,o,8,0.5377
22,who,c,1,-0.0635
22,who,c,2,-0.0022
22,who,c,3,-0.0554
22,who,c,4,-0.0787
22,who,c,5,-0.1166
22,who,c,6,0.0418
22,who,c,7,0.0622
22,who,c,8,0.0538
23,likes,f,1,0.7523
23,likes,f,2,0.7667
23,likes,f,3,0.7621
23,likes,f,4,0.7575
23,likes,f,5,0.7499
23,likes,f,6,0.7481
23,likes,f,7,0.7625
23,likes,f,8,0.763
23,likes,i,1,0.5126
23,likes,i,2,0.5766
23,likes,i,3,0.5432
23,likes,i,4,0.5378
23,likes,i,5,0.5417
23,likes,i,6,0.5529
23,likes,i,7,0.5457
23,likes,i,8,0.5332
23,likes,o,1,0.52
23,likes,o,2,0.5948
23,likes,o,3,0.5534
23,likes,o,4,0.5453
23,likes,o,5,0.5515
23,likes,o,6,0.5652
23,likes,o,7,0.5509
23,likes,o,8,0.5329
23,likes,c,1,-0.0439
23,likes,c,2,0.0073
23,likes,c,3,-0.089
23,likes,c,4,-0.1004
23,likes,c,5,-0.1268
23,likes,c,6,0.0007
23,likes,c,7,0.0499
23,likes,c,8,0.0527
24,real,f,1,0.7525
24,real,f,2,0.7634
24,real,f,3,0.7692
24,real,f,4,0.7772
24,real,f,5,0.7538
24,real,f,6,0.7453
24,real,f,7,0.7644
24,real,f,8,0.7752
24,real,i,1,0.5248
24,real,i,2,0.5767
24,real,i,3,0.5428
24,real,i,4,0.5463
24,real,i,5,0.5331
24,real,i,6,0.5394
24,real,i,7,0.5625
24,real,i,8,0.5336
24,real,o,1,0.5253
24,real,o,2,0.5964
24,real,o,3,0.5623
24,real,o,4,0.5731
24,real,o,5,0.5625
24,real,o,6,0.538
24,real,o,7,0.5571
24,real,o,8,0.5409
24,real,c,1,0.0122
24,real,c,2,0.0894
24,real,c,3,-0.1632
24,real,c,4,-0.1289
24,real,c,5,-0.179
24,real,c,6,-0.0593
24,real,c,7,-0.0382
24,real,c,8,0.0774
25,good,f,1,0.7536
25,good,f,2,0.7637
25,good,f,3,0.7687
25,good,f,4,0.7966
25,good,f,5,0.7527
25,good,f,6,0.7311
25,good,f,7,0.7696
25,good,f,8,0.7911
25,good,i,1,0.5176
25,good,i,2,0.5828
25,good,i,3,0.544
25,good,i,4,0.5631
25,good,i,5,0.5141
25,good,i,6,0.5128
25,good,i,7,0.5637
25,good,i,8,0.5307
25,good,o,1,0.5277
25,good,o,2,0.6065
25,good,o,3,0.5672
25,good,o,4,0.6015
25,good,o,5,0.5517
25,good,o,6,0.4993
25,good,o,7,0.5634
25,good,o,8,0.545
25,good,c,1,0.1043
25,good,c,2,0.2321
25,good,c,3,-0.3011
25,good,c,4,-0.2026
25,good,c,5,-0.283
25,good,c,6,-0.1759
25,good,c,7,-0.1524
25,good,c,8,0.1273
26,deep,f,1,0.7423
26,deep,f,2,0.7651
26,deep,f,3,0.7699
26,deep,f,4,0.7869
26,deep,f,5,0.7245
26,deep,f,6,0.7288
26,deep,f,7,0.7761
26,deep,f,8,0.7889
26,deep,i,1,0.5172
26,deep,i,2,0.5647
26,deep,i,3,0.5427
26,deep,i,4,0.5758
26,deep,i,5,0.5396
26,deep,i,6,0.513
26,deep,i,7,0.5545
26,deep,i,8,0.5707
26,deep,o,1,0.539
26,deep,o,2,0.5938
26,deep,o,3,0.5409
26,deep,o,4,0.5897
26,deep,o,5,0.5677
26,deep,o,6,0.4786
26,deep,o,7,0.5639
26,deep,o,8,0.5502
26,deep,c,1,0.1515
26,deep,c,2,0.3035
26,deep,c,3,-0.3108
26,deep,c,4,-0.2427
26,deep,c,5,-0.3278
26,deep,c,6,-0.2561
26,deep,c,7,-0.2722
26,deep,c,8,0.1597
27,films,f,1,0.7405
27,films,f,2,0.7781
27,films,f,3,0.7666
27,films,f,4,0.795
27,films,f,5,0.7241
27,films,f,6,0.736
27,films,f,7,0.7837
27,films,f,8,0.7936
27,films,i,1,0.5273
27,films,i,2,0.5634
27,films,i,3,0.5613
27,films,i,4,0.5767
27,films,i,5,0.5505
27,films,i,6,0.519
27,films,i,7,0.5552
27,films,i,8,0.5909
27,films,o,1,0.5578
27,films,o,2,0.6054
27,films,o,3,0.5538
27,films,o,4,0.5988
27,films,o,5,0.5873
27,films,o,6,0.4569
27,films,o,7,0.5756
27,films,o,8,0.5393
27,films,c,1,0.1768
27,films,c,2,0.4035
27,films,c,3,-0.3829
27,films,c,4,-0.2639
27,films,c,5,-0.3399
27,films,c,6,-0.3035
27,films,c,7,-0.3777
27,films,c,8,0.1177
28,just,f,1,0.7439
28,just,f,2,0.7783
28,just,f,3,0.7502
28,just,f,4,0.751
28,just,f,5,0.7316
28,just,f,6,0.7564
28,just,f,7,0.7906
28,just,f,8,0.7683
28,just,i,1,0.512
28,just,i,2,0.5293
28,just,i,3,0.5403
28,just,i,4,0.5795
28,just,i,5,0.5549
28,just,i,6,0.5431
28,just,i,7,0.5512
28,just,i,8,0.5781
28,just,o,1,0.5552
28,just,o,2,0.5704
28,just,o,3,0.5318
28,just,o,4,0.5345
28,just,o,5,0.5541
28,just,o,6,0.5107
28,just,o,7,0.5656
28,just,o,8,0.4965
28,just,c,1,0.1519
28,just,c,2,0.349
28,just,c,3,-0.2755
28,just,c,4,-0.154
28,just,c,5,-0.1903
28,just,c,6,-0.1877
28,just,c,7,-0.3447
28,just,c,8,0.0398
29,perfect,f,1,0.7639
29,perfect,f,2,0.7633
29,perfect,f,3,0.763
29,perfect,f,4,0.8603
29,perfect,f,5,0.7518
29,perfect,f,6,0.6462
29,perfect,f,7,0.7559
29,perfect,f,8,0.8357
29,perfect,i,1,0.4765
29,perfect,i,2,0.584
29,perfect,i,3,0.5287
29,perfect,i,4,0.6468
29,perfect,i,5,0.4861
29,perfect,i,6,0.4349
29,perfect,i,7,0.5904
29,perfect,i,8,0.5212
29,perfect,o,1,0.52
29,perfect,o,2,0.6522
29,perfect,o,3,0.5647
29,perfect,o,4,0.7001
29,perfect,o,5,0.5474
29,perfect,o,6,0.3962
29,perfect,o,7,0.5668
29,perfect,o,8,0.6055
29,perfect,c,1,0.3193
29,perfect,c,2,0.5291
29,perfect,c,3,-0.5222
29,perfect,c,4,-0.4637
29,perfect,c,5,-0.4654
29,perfect,c,6,-0.3346
29,perfect,c,7,-0.4633
29,perfect,c,8,0.2729
