model,word,kind,score
GloVe,apple,singular,-0.7824
GloVe,horse,singular,-1.3995
GloVe,door,singular,-1.4763
GloVe,ship,singular,-0.8973
GloVe,song,singular,-1.6859
GloVe,table,singular,-0.9389
GloVe,road,singular,-0.8469
GloVe,flower,singular,-0.5446
GloVe,student,singular,-0.8793
GloVe,island,singular,-1.2504
GloVe,window,singular,-1.1845
GloVe,teacher,singular,-1.589
GloVe,apples,plural,0.7736
GloVe,horses,plural,0.969
GloVe,doors,plural,0.2499
GloVe,ships,plural,1.1883
GloVe,songs,plural,0.4598
GloVe,tables,plural,0.6823
GloVe,roads,plural,1.5021
GloVe,flowers,plural,0.7733
GloVe,students,plural,1.1374
GloVe,islands,plural,0.267
GloVe,windows,plural,0.3988
GloVe,teachers,plural,0.8809
GloVe,one,number,-1.3264
GloVe,two,number,-0.1152
GloVe,three,number,0.0441
GloVe,four,number,0.0711
GloVe,five,number,0.0925
GloVe,six,number,0.0051
GloVe,seven,number,0.1546
GloVe,eight,number,0.3124
GloVe,nine,number,0.342
GloVe,ten,number,0.3936
GPT-2,apple,singular,0.0166
GPT-2,horse,singular,-0.0801
GPT-2,door,singular,-0.1041
GPT-2,ship,singular,-0.1669
GPT-2,song,singular,-0.0256
GPT-2,table,singular,-0.1618
GPT-2,road,singular,-0.0774
GPT-2,flower,singular,-0.0223
GPT-2,student,singular,-0.2545
GPT-2,island,singular,0.0115
GPT-2,window,singular,-0.1182
GPT-2,teacher,singular,-0.1034
GPT-2,apples,plural,0.9814
GPT-2,horses,plural,1.372
GPT-2,doors,plural,0.9892
GPT-2,ships,plural,1.2173
GPT-2,songs,plural,1.0186
GPT-2,tables,plural,0.8996
GPT-2,roads,plural,1.2015
GPT-2,flowers,plural,0.9123
GPT-2,students,plural,0.7835
GPT-2,islands,plural,0.9888
GPT-2,windows,plural,0.8439
GPT-2,teachers,plural,0.973
GPT-2,one,number,-0.1988
GPT-2,two,number,0.0117
GPT-2,three,number,0.0418
GPT-2,four,number,0.0792
GPT-2,five,number,0.0816
GPT-2,six,number,0.0697
GPT-2,seven,number,0.1545
GPT-2,eight,number,0.2163
GPT-2,nine,number,0.2318
GPT-2,ten,number,0.0337
