english,predicted,reference
that doesn't help me .,mentent définitive définitive vides vides vides vides tes accepterait accepterait accepterait,ça ne m'aide pas .
i like your house .,mentent mentent m'arriver définitive m'arriver définitive m'arriver définitive m'arriver définitive m'arriver,j'aime votre maison .
that guy is completely nuts !,m'arriver matait m'arriver détendues m'arriver détendues m'arriver avons m'arriver accepterait m'arriver,ce mec est complètement zinzin !
"i'm sorry , but i don't understand .",mentent mentent mentent mentent m'arriver vides m'arriver maladroite m'arriver maladroite m'arriver,je suis désolé mais je ne comprends pas .
she accompanied her friend to the concert .,mentent accepterait m'arriver matait m'arriver vides m'arriver maladroite maladroite accepterait m'arriver,elle accompagna son ami au concert .
we have an unusual relationship .,solitaire solitaire vides vides vides vides solitaire vides accepterait accepterait accepterait,nous avons une relation inhabituelle .
what's his most recent novel ?,avons matait définitive accepterait accepterait accepterait accepterait accepterait accepterait accepterait accepterait,quel est son roman le plus récent ?
the pain has mostly gone away .,solitaire solitaire vaches vaches m'arriver vides m'arriver accepterait exercer maladroite accepterait,la douleur a en majeure partie disparu .
they have everything they need .,n'allait matait matait détendues existe existe existe existe existe existe matait,ils ont tout ce dont ils ont besoin .
i have nothing to do with it .,définitive solitaire solitaire vides m'arriver vides m'arriver accepterait maladroite accepterait m'arriver,je n'y suis pour rien .
she is a wonderful woman .,apparue entendus entendus entendus entendus entendus entendus entendus entendus matait matait,c'est une femme magnifique .
this is highly inefficient .,mentent définitive définitive définitive définitive accepterait définitive accepterait accepterait accepterait accepterait,c'est franchement inefficace .
he stood aside for her to enter .,mentent mentent matait matait m'arriver vides m'arriver vides m'arriver matait exercer,il se mit sur le côté pour qu'elle entre .
i plan to stay there a week .,maladroite définitive définitive définitive définitive accepterait m'arriver accepterait maladroite accepterait maladroite,j'ai l'intention de rester ici une semaine .
everyone was horrified .,avertissement infirmière hardie m'arriver détendues définitive m'arriver définitive réveiller accepterait m'arriver,tout le monde a été horrifié .
look up the word in the dictionary .,mentent solitaire solitaire entendus m'arriver vides m'arriver accepterait maladroite maladroite m'arriver,renseigne - toi sur le mot dans le dictionnaire .
they are alone .,n'allait allusion allusion n'allait avons avons avons avons avons avons avons,elles sont seules .
the rumors were true .,avertissement infirmière exercer existe hardie accepterait accepterait accepterait accepterait accepterait m'arriver,les rumeurs étaient vraies .
i had to go there yesterday .,mentent m'arriver matait m'arriver m'arriver m'arriver m'arriver maladroite m'arriver maladroite m'arriver,j'ai dû y aller hier .
tom has begun looking for a job .,accepterait vides matait vides vides vides vides m'arriver accepterait accepterait accepterait,tom a commencé à chercher un travail .
earth is a beautiful planet .,infirmière exercer matait exercer entendus m'arriver accepterait accepterait accepterait accepterait accepterait,la terre est une belle planète .
forgive the intrusion .,apparue définitive définitive définitive définitive définitive accepterait définitive accepterait accepterait accepterait,veuillez pardonner l'intrusion .
i'm home .,m'arriver m'arriver m'arriver m'arriver m'arriver m'arriver m'arriver accepterait échoué m'arriver accepterait,je suis chez moi .
you reek of alcohol .,définitive définitive définitive définitive définitive accepterait définitive accepterait accepterait accepterait accepterait,tu pues l'alcool .
have you ever been to america ?,définitive définitive définitive définitive définitive accepterait accepterait accepterait accepterait accepterait accepterait,es - tu déjà allé en amérique ?
the gate needs to be closed .,apparue exercer apparue maladroite accepterait accepterait accepterait accepterait accepterait accepterait maladroite,la porte doit être fermée .
her hair grew back .,accepterait m'arriver accepterait m'arriver accepterait m'arriver accepterait accepterait accepterait accepterait m'arriver,ses cheveux ont repoussé .
i was at the supermarket .,mentent m'arriver exercer m'arriver vides m'arriver maladroite m'arriver maladroite m'arriver maladroite,j'étais au supermarché .
the cat loves playing in the garden .,mentent accepterait m'arriver exercer m'arriver accepterait m'arriver accepterait m'arriver maladroite m'arriver,le chat aime jouer dans le jardin .
don't open your mouth .,apparue entendus entendus entendus entendus entendus entendus existe existe existe existe,n'ouvre pas la bouche !
