data,model,seed,params,train_acc,test_acc
MNIST,ANN,1,101770,0.9980833530426025,0.9779999852180481
MNIST,ANN,2,101770,0.9980999827384949,0.9772999882698059
MNIST,ANN,3,101770,0.9981333613395691,0.9786999821662903
MNIST,CNN,1,12810,0.9941666722297668,0.9869999885559082
MNIST,CNN,2,12810,0.9950000047683716,0.9884999990463257
MNIST,CNN,3,12810,0.9953500032424927,0.9890999794006348
Fashion-MNIST,ANN,1,101770,0.9199333190917969,0.8842999935150146
Fashion-MNIST,ANN,2,101770,0.9207500219345093,0.8835999965667725
Fashion-MNIST,ANN,3,101770,0.9187666773796082,0.878600001335144
Fashion-MNIST,CNN,1,12810,0.911050021648407,0.8902000188827515
Fashion-MNIST,CNN,2,12810,0.9120833277702332,0.8924000263214111
Fashion-MNIST,CNN,3,12810,0.9125333428382874,0.8899000287055969
