update,sgd (batch_size=1),mini-batch (batch_size=32)
0,0.7179009336046874,0.7162218995392322
1,0.7157331295311451,0.714637735672295
2,0.7112772142514586,0.7131743062287569
3,0.707107427623123,0.711506309453398
4,0.7066965733654798,0.7094265792518855
5,0.7058914631605149,0.7076505947858095
6,0.7047836693935097,0.7059121781960129
7,0.7005851419642568,0.70426035663113
8,0.7010926742106676,0.7026305884122849
9,0.701507864985615,0.7010854343883693
10,0.6988281299360096,0.6996779127977788
11,0.6984991688281298,0.6983330898918212
12,0.6978130545467138,0.6969728908501566
13,0.6976823669858276,0.6954622228629888
14,0.6977241112850606,0.6935347793623805
15,0.6986677589826286,0.6919846010394395
16,0.6983005146495997,0.6904336173087359
17,0.697101572714746,0.6889388876967132
18,0.6958108711056411,0.6874930819496512
19,0.6968692339025437,0.6861535547301173
20,0.6974361235275864,0.6848909555934369
21,0.6933256671763957,0.6837433916516602
22,0.6899786121211946,0.6825775112956762
23,0.6867737931199371,0.6813177654519678
24,0.6861873188987374,0.6795688915066421
25,0.6861867783591151,0.6782771251164377
26,0.6849846321158111,0.6769613766111433
27,0.6827894709073007,0.6756922347471118
28,0.6821392168290913,0.6744207910262048
29,0.68124093208462,0.6732744709588587
30,0.6763569253496826,0.6721447778865695
31,0.6731329753994941,0.6711269527673721
32,0.6722802611067891,0.6701424834318459
33,0.6711302627809346,0.6690180754289031
34,0.6674540921114385,0.6674933706410229
35,0.665717972163111,0.6662626527249813
36,0.6650702705606818,0.665075049828738
37,0.6655031661503017,0.6638822996988892
38,0.6643767391331494,0.6627843621186912
39,0.6628930550068617,0.6617516653612256
40,0.6640612718649208,0.6606497091241181
41,0.6621784045360982,0.6597645706497133
42,0.6586945528164506,0.6589451529085636
43,0.6564691124483943,0.657995674572885
44,0.6562968981452286,0.656604906823486
45,0.6551755895838142,0.6554851287975907
46,0.654380838572979,0.6544192507863045
47,0.652510185725987,0.6534221538342535
48,0.6524743101559579,0.6523921591229737
49,0.6519126376137138,0.6514029217883944
50,0.6488471671007574,0.6504171297885477
51,0.6500555993057787,0.6496063421480358
52,0.6492321526631712,0.6488621827214957
53,0.6489565921016037,0.6480566364713013
54,0.6501585224643349,0.6468800568953157
55,0.6504982986021787,0.645928596612066
56,0.6489626022987067,0.645045465324074
57,0.6479654892347753,0.6441799794323743
58,0.6470503224991262,0.6432833399623632
59,0.6482754887081683,0.642510189767927
60,0.6473096006549894,0.6417269851081073
61,0.6475562442559749,0.6410026412457228
62,0.6466294303536415,0.6403393948450684
63,0.6444774985313415,0.6395793540403247
64,0.6428858445957303,0.6385910917073488
65,0.6423588367644697,0.6376776034012437
66,0.6432025107555092,0.6368489457294345
67,0.6426033047027886,0.6360895528458059
68,0.6410945321433246,0.6352786513976753
69,0.6404367430601269,0.6345742760226131
70,0.6384864493273199,0.6338555435650051
71,0.6375627405010164,0.6331297198310495
72,0.637350258231163,0.6325276402756572
73,0.6347418538294732,0.6318490942940116
74,0.6335970471613109,0.6309299752116203
75,0.632101911958307,0.630082123260945
76,0.6301367084495724,0.6293077235110104
77,0.6293163784779608,0.6285413478501141
78,0.6282158294226974,0.6278200540691614
79,0.6292748510837555,0.6271265715360641
80,0.6288370428141207,0.6264578171074391
81,0.628018100000918,0.6258168525062502
82,0.6270348157733678,0.6252273275516927
83,0.6279498216696083,0.6245654337108135
84,0.6281000358983875,0.6237231962382793
85,0.627010520035401,0.6228945379145443
86,0.6260850935708732,0.6221877031028271
87,0.6242709040641785,0.6214539846405387
88,0.6235143158584833,0.6206527726724744
89,0.6242995771113783,0.6199620293453336
90,0.6239854332059622,0.6191914871335029
91,0.6241275130305439,0.6185330076143145
92,0.6248811261262744,0.6179226216860115
93,0.6263314916286618,0.6172314940951764
94,0.6253097235690802,0.6164071941748261
95,0.6244008135050535,0.6154877294786274
96,0.6251586350612343,0.6147467974573374
97,0.6244966246653348,0.6140539960935711
98,0.6238157221116125,0.6132550597190857
99,0.6228701560292393,0.6125433441251517
100,0.6214025439694524,0.6117685254663229
101,0.6206082523334772,0.6110809453297407
102,0.6197475309949368,0.6104589025955647
103,0.6177590110339224,0.6098017983138562
104,0.6200673097744585,0.6089436461217701
105,0.6192540936172009,0.6080283517949283
106,0.6179827190935612,0.6072987837716937
107,0.6183314426802099,0.6065537517890334
108,0.6168836017139256,0.6057611219584942
109,0.6160760048776865,0.6050772590562701
110,0.6171092435717582,0.6042396644596011
111,0.6180525159463286,0.6035377708729357
112,0.616137292701751,0.602893271530047
113,0.6148944366723299,0.6022557329386473
114,0.6150557460263372,0.601383720850572
115,0.6139474658295512,0.60048245373182
116,0.6136312733404339,0.5997502312995493
117,0.612755100056529,0.5990388803649693
118,0.6121284760534763,0.598228890215978
119,0.6111448634415865,0.5975780231878162
120,0.6111589302308857,0.5967605929356068
121,0.6102794992737473,0.5960833246354014
122,0.6098619782365858,0.5954660785850138
123,0.6076161154545844,0.5948541200719774
124,0.6066680183634162,0.5939674265682697
125,0.6058709681965411,0.5930922122206539
126,0.6051498455926776,0.5923836132045835
127,0.6041415938176214,0.5916853880044073
128,0.6033655778504908,0.5908917417284101
129,0.6019113126210869,0.5901906936429441
130,0.6008801028132439,0.5893854197114706
131,0.5999296855181455,0.5887213931418955
132,0.5981191460043191,0.5881129076704383
133,0.5974182083271444,0.5874760661274194
134,0.5957641520537436,0.5866255454253405
135,0.5943473297171294,0.5857727062888444
136,0.5935952320694924,0.5850488870404661
137,0.5939972288906574,0.5843264472670853
138,0.5928000287152827,0.5835666234139353
139,0.591706408932805,0.5828843804076314
140,0.5900194564834237,0.5821013814304024
141,0.5887242462486029,0.5814624682534486
142,0.5881885590963065,0.5808744552079588
143,0.5875712747685611,0.5802876953501255
144,0.587307464517653,0.5794744806364178
145,0.5884441467002034,0.5786512469872832
146,0.5872109711170197,0.5779510654043406
147,0.5863268498331309,0.5772367000114172
148,0.5873907033354044,0.5764511749148369
149,0.5864968126639724,0.575783965922892
150,0.5856309148482979,0.5750183130148798
151,0.5849070247262717,0.5743694467004389
152,0.5847539776936174,0.5737939060665667
153,0.5825964542105794,0.5731846252456307
154,0.5807327058166265,0.572364785335958
155,0.5795416546985507,0.571565190749243
156,0.5798112330492586,0.5708872328512371
157,0.5790760197211057,0.5702213030774146
158,0.5789889617823064,0.5694618277717381
159,0.5781080543063581,0.568818447785452
160,0.5772758267819882,0.5680834638420492
161,0.578059846488759,0.5674658305477351
162,0.5761582115199417,0.5669296774081886
163,0.576453235046938,0.5663654446601868
164,0.5760684486478567,0.5655813776422292
165,0.5769106635358184,0.5648193394299597
166,0.5757801349274814,0.5641498807352037
167,0.5750186174176634,0.5635057620238513
168,0.5743198114447295,0.5627635247074068
169,0.5735173827502876,0.5621501148678363
170,0.5730329690501094,0.5614359797444195
171,0.5732963901944459,0.560826818831265
172,0.5736334572546185,0.5603038498666137
173,0.5727877751458437,0.5597162500489503
174,0.5715038406196982,0.5589161317795515
175,0.5707434473093599,0.5581775838974863
176,0.5701292121317237,0.5575318582355976
177,0.5688931056763977,0.5569123062770813
178,0.5681396597530692,0.5561935395002365
179,0.5670676263049245,0.5556022540666163
180,0.5661950390785933,0.5549086761660874
181,0.5652576857712119,0.5543204193934799
182,0.5632814861368388,0.5537645676638931
183,0.5625434309709817,0.5532033929601312
184,0.5618460531812162,0.5523712882306426
185,0.5605651469901204,0.551652203919366
186,0.5597965305671095,0.5510186898056417
187,0.5589242695365101,0.5504240144509822
188,0.5573010424152016,0.5497234974522144
189,0.5564525380730629,0.5491519202012569
190,0.5558348934631795,0.5484790605027229
191,0.5537931239698082,0.5478994411882013
192,0.552027927339077,0.5473396499175578
193,0.5510097222868353,0.5468146517872811
194,0.5502827993128449,0.545973218139261
195,0.5487553258426487,0.5452827935107052
196,0.5480330041609704,0.5446765192784369
197,0.5485886146780103,0.5441085351631045
198,0.5495330365840345,0.5434282949659973
199,0.5493958261329681,0.5428641868755222
200,0.5487724628299475,0.5422124786768109
201,0.5471124198287726,0.5416468841023743
202,0.5477062780410051,0.5411134412046522
203,0.5471583468373865,0.5406061675399542
204,0.5459689064417035,0.5397886536549776
205,0.5448945856187493,0.5391061947215349
206,0.5443747143261135,0.538519098982215
207,0.5437514977529645,0.5379202659241855
208,0.5427134647034109,0.5372352092526853
209,0.5414342827163636,0.5366936502512545
210,0.5398504985962063,0.5360554406885057
211,0.5383201336022466,0.535481390170753
212,0.537383247539401,0.5349525632802397
213,0.5365537762641907,0.5344635178335011
214,0.5374976410064847,0.5336586880031973
215,0.5366764389909804,0.5329458100255579
216,0.5357060634065419,0.5323381769936532
217,0.5349634853191674,0.5317348880227655
218,0.5355081549379974,0.5310109908226878
219,0.5360547412186861,0.5304740398656577
220,0.5359292728360743,0.5298428586684167
221,0.5358963320963085,0.5292498034425079
222,0.5356793960090727,0.5287233359646052
223,0.5349243413191289,0.5282515481580049
224,0.5341172796674073,0.527446648105979
225,0.5331341717392206,0.5267343650106341
226,0.5323596340604126,0.5261238312348724
227,0.5317407958209515,0.5255369374062866
228,0.5323696069885046,0.5248241329099983
229,0.5307811609469354,0.5242623576894403
230,0.5295615122187882,0.5236389802303165
231,0.5303557044360787,0.5230431922711432
232,0.5300803908146918,0.5225010913796723
233,0.5292336004320533,0.5220306574366986
234,0.5287093369290232,0.5211863760836423
235,0.5273259835783393,0.5204819197300822
236,0.5278861586004495,0.5198720038868487
237,0.5270302458200604,0.5192414659075439
238,0.5254325739573688,0.5185483881738037
239,0.5244628163054585,0.5179890998173505
240,0.5252171496395022,0.5173409967683256
241,0.5241286166477949,0.5167426078580319
242,0.5233717856928706,0.516206668317318
243,0.5227888222318142,0.5156716448254883
244,0.5218634286895394,0.514759482908994
245,0.5208690306637436,0.5140531744342297
246,0.519847258599475,0.5134016250725836
247,0.5189541549887509,0.5127714197617024
248,0.5180009455885738,0.5120536499656737
249,0.517701908480376,0.5114911973010748
250,0.5170367104932666,0.5108192048966884
251,0.5158775900956243,0.5102024863939733
252,0.5171260291710496,0.5096590423025191
253,0.5170582672115416,0.5091487063094974
254,0.5178320547100157,0.5082470080815256
255,0.5176629302091896,0.5075508891604841
256,0.5166769232600927,0.5068976012058556
257,0.5169573498889803,0.5062800571788102
258,0.5161914706695825,0.5055676981806755
259,0.5168452837970108,0.504961242293939
260,0.5163189602550119,0.5043026546016336
261,0.5154762438498437,0.5036544549278915
262,0.5143597147427499,0.5030803082045168
263,0.5133101897779853,0.5025853327009827
264,0.5125968855805695,0.501692662993446
265,0.5111423386260867,0.5009881661739201
266,0.5101179340388626,0.5003268816741183
267,0.5088306713383645,0.499753000237979
268,0.5071448030881583,0.49906318841967734
269,0.5061010936275124,0.49846878310199827
270,0.5050956232938916,0.4978345669340342
271,0.504693440021947,0.4971965254517272
272,0.5042697629425674,0.4966440471122041
273,0.5035044950898737,0.4961812332971022
274,0.5025364733766764,0.4953157060779631
275,0.5012688617222011,0.4946299931034446
276,0.5013740979135036,0.49398822989314795
277,0.5006380749866366,0.4934386562090367
278,0.4999609243590385,0.4927629719953984
279,0.499190680636093,0.4921828961931169
280,0.49833187074400487,0.4915834620362148
281,0.4975104340352118,0.49094531531445684
282,0.49630584181286397,0.4903938553994521
283,0.49676230549812317,0.4899258921621367
284,0.4960592174436897,0.48908198105636985
285,0.49555601365864277,0.48841194321867076
286,0.494752539973706,0.4877884843153879
287,0.495207125111483,0.4872559052426368
288,0.49413625211454926,0.48659800544846804
289,0.49346557739190755,0.4860295835416764
290,0.4928772933781147,0.4854460783069953
291,0.4919748264364898,0.4848241465399042
292,0.49226473837625234,0.4842758808052167
293,0.4917388529283926,0.48382362017873676
294,0.4907061253208667,0.482999755977653
295,0.4914020823780447,0.4823340790346265
296,0.49017187296412884,0.48170676855370403
297,0.4897595388814807,0.4811852949904278
298,0.48816886148415506,0.48054195654112847
299,0.48732687849551437,0.47997295127715917
300,0.4867333852685988,0.47940936107188464
301,0.48556902871932833,0.4787942185532302
302,0.484998519718647,0.4782545842928812
303,0.48397135047707707,0.47781568735372276
304,0.48461606837809085,0.477005596505478
305,0.48350649655330924,0.47635896268766376
306,0.4826695666881278,0.47574700131081044
307,0.4823693935526535,0.4752283071866259
308,0.4816829351009801,0.47458971608430145
309,0.48090664816554635,0.47402938900049774
310,0.4800608362769708,0.47346370071172716
311,0.48069122901652006,0.4728572444990277
312,0.47937654294073584,0.4723411446902901
313,0.47833682072814554,0.4719152036122978
314,0.477977724513039,0.4711124154506251
315,0.47742970574181526,0.4704602687619627
316,0.4769401522120461,0.46986234332434834
317,0.4780463476199657,0.4693456539651379
318,0.4787071090657264,0.46871100475545974
319,0.4778841366060078,0.4681474264943972
