,this,film,was,just,brilliant,casting,location,scenery,story,direction
this,0.0000,0.0000,0.0000,0.0000,0.0000,0.0000,0.3371,0.0000,0.0000,0.6629
film,0.0000,0.0000,1.0000,0.0000,0.0000,0.0000,0.0000,0.0000,0.0000,0.0000
was,0.0000,0.0000,0.0000,0.0000,0.0000,0.0000,1.0000,0.0000,0.0000,0.0000
just,0.0000,0.0000,1.0000,0.0000,0.0000,0.0000,0.0000,0.0000,0.0000,0.0000
brilliant,0.0000,0.0000,0.0000,0.0585,0.0000,0.0014,0.0000,0.0000,0.9401,0.0000
casting,0.0000,0.0000,0.0000,0.0000,0.0000,1.0000,0.0000,0.0000,0.0000,0.0000
location,0.0000,0.0000,0.0000,0.0000,0.0000,0.0304,0.0001,0.9695,0.0000,0.0000
scenery,0.0000,0.0000,0.0000,0.0000,0.0000,0.0000,0.0000,1.0000,0.0000,0.0000
story,0.0000,0.0000,0.0000,0.0000,0.4350,0.0000,0.0000,0.0000,0.5649,0.0000
direction,0.0000,0.0000,0.0000,0.0000,0.0000,0.0000,0.0000,1.0000,0.0000,0.0000
