lr,step,b21,loss
1.0,0,-5.0,75.3424
1.0,1,12.36,75.3424
1.0,2,-5.0,75.3424
1.0,3,12.36,75.3424
1.0,4,-5.0,75.3424
1.0,5,12.36,75.3424
1.0,6,-5.0,75.3424
1.0,7,12.36,75.3424
1.0,8,-5.0,75.3424
1.0,9,12.36,75.3424
1.0,10,-5.0,75.3424
0.1,0,-5.0,75.3424
0.1,1,-3.2640000000000002,48.219136
0.1,2,-1.8752000000000002,30.86024704
0.1,3,-0.7641600000000002,19.7505581056
0.1,4,0.1246719999999999,12.640357187584002
0.1,5,0.8357376,8.089828600053758
0.1,6,1.40459008,5.177490304034406
0.1,7,1.859672064,3.31359379458202
0.1,8,2.2237376512,2.1207000285324935
0.1,9,2.51499012096,1.3572480182607962
0.1,10,2.747992096768,0.8686387316869089
0.01,0,-5.0,75.3424
0.01,1,-4.8264,72.35884096
0.01,2,-4.6562719999999995,69.49343085798398
0.01,3,-4.48954656,66.74149099600784
0.01,4,-4.3261556288,64.0985279525659
0.01,5,-4.166032516224,61.56022624564431
0.01,6,-4.00911186589952,59.12244128631679
0.01,7,-3.8553296285815297,56.78119261137866
0.01,8,-3.7046230360098993,54.532657383968065
0.01,9,-3.556930575289701,52.373164151562925
0.01,10,-3.412191963783907,50.299186851161025
1.1,0,-5.0,75.3424
1.1,1,14.096,108.49305600000001
1.1,2,-8.819200000000002,156.23000064000004
1.1,3,18.679040000000004,224.97120092160014
1.1,4,-14.318848000000006,323.9585293271042
1.1,5,25.278617600000008,466.5002822310301
1.1,6,-22.238341120000012,671.7604064126834
1.1,7,34.782009344000016,967.3349852342643
1.1,8,-33.64241121280003,1392.9623787373412
1.1,9,48.46689345536004,2005.8658253817716
1.1,10,-50.064272146432046,2888.4467885497515
