step,loss
0,0.7121378732080317
20,0.14171888129134602
40,0.10414392291550192
60,0.07825126797452807
80,0.019698649942510763
100,0.022001171610806655
120,0.048434040685035464
140,0.006264481759113156
160,0.04769876370544983
180,0.004811306922427193
200,0.009163879271291375
220,0.006166441507394104
240,0.004399265865893976
260,0.006508198676828298
280,0.0018223861587725288
300,0.002358411403313299
320,0.017013291588302018
340,0.17006158542545788
360,0.06605156297158185
380,0.003637463896445918
400,0.003930676900800271
420,0.00869444046416936
440,0.0022508850271368186
460,0.0017565928793149524
480,0.0058104074311646214
500,0.003473263614536729
520,0.009553228087232314
540,0.009021222586546496
560,0.02460853722973411
580,0.008981559684031939
600,0.04871096512630241
620,0.004205292426728974
640,0.0023643160997152777
660,0.022342789830251886
680,0.007860224181227601
700,0.0019320225355298766
720,0.0008521329895519258
740,0.0016861453564368813
760,0.0022683669281243187
780,0.021265236127326233
800,0.002189404992016513
