step,worst_deg_from_90,rms_cos,share_89_91
0,30.86286,0.09999,0.13753
1,27.91136,0.09993,0.13754
2,25.36643,0.09986,0.13755
3,23.56816,0.09978,0.13752
4,22.2056,0.09971,0.13746
5,21.25764,0.09965,0.13738
6,20.49579,0.09961,0.13727
7,20.00037,0.09957,0.1371
8,19.5432,0.09955,0.13692
9,19.15608,0.09954,0.13673
10,18.81024,0.09953,0.13656
11,18.52447,0.09952,0.13635
12,18.31635,0.09952,0.13617
13,18.10198,0.09952,0.136
14,17.88312,0.09951,0.1358
15,17.71253,0.09951,0.13564
16,17.56113,0.09951,0.13548
17,17.38162,0.09951,0.13531
18,17.19206,0.09951,0.13513
19,17.1043,0.09951,0.13497
20,17.00542,0.09951,0.13478
21,16.89317,0.09951,0.13464
22,16.80248,0.09951,0.13445
23,16.75178,0.09951,0.13426
24,16.68689,0.09951,0.13412
25,16.60798,0.09951,0.13395
26,16.51596,0.09951,0.13378
27,16.41172,0.09951,0.13364
28,16.36044,0.09951,0.13353
29,16.30757,0.09951,0.13338
30,16.30804,0.09951,0.13328
31,16.29437,0.09951,0.13316
32,16.26512,0.09951,0.13305
33,16.22387,0.09951,0.13294
34,16.17281,0.09951,0.13283
35,16.11298,0.09951,0.13271
36,16.04443,0.09951,0.1326
37,15.97295,0.09951,0.13249
38,15.9013,0.09951,0.13239
39,15.86218,0.09951,0.13229
40,15.82127,0.09951,0.1322
41,15.77254,0.09951,0.13214
42,15.74764,0.09951,0.13205
43,15.71888,0.09951,0.13196
44,15.68674,0.09951,0.13185
45,15.64979,0.09951,0.13177
46,15.60471,0.09951,0.13168
47,15.61467,0.09951,0.1316
48,15.69718,0.09951,0.13153
49,15.76631,0.09951,0.13143
50,15.81552,0.09951,0.13136
51,15.86096,0.09951,0.13133
52,15.85902,0.09951,0.13131
53,15.90278,0.09953,0.13121
54,15.86637,0.09951,0.13122
55,15.87699,0.09952,0.13118
56,15.85248,0.09952,0.13117
57,15.84421,0.09952,0.13116
58,15.82717,0.09952,0.13112
59,15.80011,0.09952,0.1311
60,15.79183,0.09952,0.13107
