model,importance,S,feature,w1,w2,norm,bias,loss
ReLU,0.7^i,0.0,1,0.9113,0.4022,0.9962,0.0067,0.0892
ReLU,0.7^i,0.0,2,-0.4077,0.9136,1.0004,-0.0038,0.0892
ReLU,0.7^i,0.0,3,-0.0029,0.0043,0.0052,0.5096,0.0892
ReLU,0.7^i,0.0,4,-0.0072,-0.0009,0.0072,0.5013,0.0892
ReLU,0.7^i,0.0,5,-0.001,0.0012,0.0016,0.5069,0.0892
ReLU,0.7^i,0.7,1,0.6714,0.7784,1.028,0.0054,0.0548
ReLU,0.7^i,0.7,2,0.7725,-0.6786,1.0283,0.0192,0.0548
ReLU,0.7^i,0.7,3,-0.6268,-0.7171,0.9524,0.0331,0.0548
ReLU,0.7^i,0.7,4,-0.7205,0.6308,0.9576,0.0379,0.0548
ReLU,0.7^i,0.7,5,-0.0147,-0.0009,0.0147,0.1382,0.0548
ReLU,0.7^i,0.9,1,0.9161,0.4354,1.0142,0.0014,0.0115
ReLU,0.7^i,0.9,2,0.4267,-0.9066,1.002,-0.0009,0.0115
ReLU,0.7^i,0.9,3,-0.4408,0.913,1.0138,-0.0003,0.0115
ReLU,0.7^i,0.9,4,-0.8951,-0.4246,0.9907,-0.0034,0.0115
ReLU,0.7^i,0.9,5,-0.019,0.0018,0.0191,0.0556,0.0115
ReLU,0.7^i,0.95,1,0.5772,0.946,1.1082,-0.1838,0.0045
ReLU,0.7^i,0.95,2,-0.8072,0.8045,1.1397,-0.2146,0.0045
ReLU,0.7^i,0.95,3,1.0754,-0.3341,1.1261,-0.2275,0.0045
ReLU,0.7^i,0.95,4,0.0249,-1.1053,1.1055,-0.2484,0.0045
ReLU,0.7^i,0.95,5,-0.9173,-0.4436,1.019,-0.183,0.0045
linear,0.7^i,0.95,1,0.7543,0.6592,1.0017,-0.0008,0.0169
linear,0.7^i,0.95,2,-0.6576,0.7536,1.0001,-0.0003,0.0169
linear,0.7^i,0.95,3,0.0008,0.0045,0.0046,0.0216,0.0169
linear,0.7^i,0.95,4,-0.0017,0.0053,0.0056,0.0283,0.0169
linear,0.7^i,0.95,5,0.0085,0.0085,0.012,0.0231,0.0169
ReLU,1,0.95,1,1.1202,-0.1062,1.1252,-0.2453,0.0087
ReLU,1,0.95,2,-0.8269,0.7801,1.1368,-0.246,0.0087
ReLU,1,0.95,3,0.4539,1.0359,1.131,-0.24,0.0087
ReLU,1,0.95,4,0.235,-1.1128,1.1373,-0.2462,0.0087
ReLU,1,0.95,5,-0.9954,-0.5411,1.133,-0.2287,0.0087
