sentence,word,kind,x,y
money bank,money,e,2.0000,7.0000
money bank,money,q,1.1000,2.3000
money bank,money,k,1.3000,1.4000
money bank,money,v,2.5000,6.0000
money bank,money,y,4.1008,5.1410
money bank,money,weight_money,0.6096,4.6500
money bank,money,weight_bank,0.3904,4.0200
money bank,bank,e,7.0000,3.0000
money bank,bank,q,1.7000,1.6000
money bank,bank,k,2.4000,0.6000
money bank,bank,v,6.6000,3.8000
money bank,bank,y,4.9715,4.6738
money bank,bank,weight_money,0.3972,4.4500
money bank,bank,weight_bank,0.6028,5.0400
river bank,river,e,8.0000,-2.0000
river bank,river,q,1.4000,0.2000
river bank,river,k,2.2000,-0.4000
river bank,river,v,7.0000,0.0000
river bank,river,y,6.7664,2.2194
river bank,river,weight_river,0.4160,3.0000
river bank,river,weight_bank,0.5840,3.4800
river bank,bank,e,7.0000,3.0000
river bank,bank,q,1.7000,1.6000
river bank,bank,k,2.4000,0.6000
river bank,bank,v,6.6000,3.8000
river bank,bank,y,6.6809,3.0311
river bank,bank,weight_river,0.2023,3.1000
river bank,bank,weight_bank,0.7977,5.0400
