none,L2,L1
-0.02682,0.0,-0.00242
-0.50441,0.0,-0.00038
0.32931,0.0,-0.00109
-0.55843,-0.28127,-0.00037
-0.27626,-0.0,0.00383
-0.51515,0.0,0.0014
-0.01705,-0.0,-0.00011
0.31334,-0.0,-0.00042
0.05283,-0.0,-0.00116
0.02183,0.0,-0.00124
0.31346,0.0,0.00257
0.10785,-0.0,0.00018
-0.30092,-0.0,0.00013
-0.11741,0.0,0.0004
-0.55238,0.0,0.00307
0.07778,-0.0,0.00066
0.09279,0.0,-0.00252
0.36022,0.0,2e-05
-0.36064,0.0,-0.00176
-0.38871,-0.0,0.00167
0.19231,0.0,0.00068
0.31647,0.02532,0.00012
0.08661,0.0,0.00025
0.43287,0.10193,0.41581
0.13859,-0.0,0.00036
0.23946,0.0,-0.00081
-0.43616,0.0,0.00023
-0.00398,0.0,0.00061
-0.04585,-0.0,-0.00252
0.3389,-0.0,1.05421
0.16098,-0.0,-0.00076
0.06074,0.0,-0.00205
-0.54902,-0.0,0.00112
0.07317,-0.0,0.00083
-0.57232,0.32115,-5e-05
0.3174,0.27023,0.00059
0.24887,0.0,0.98264
0.30196,0.0,0.0003
0.20814,0.0,0.00121
0.23782,0.0,-0.00063
0.19272,-0.0,0.00207
-0.58349,0.0,-0.00041
0.26165,-0.0,0.00035
0.16081,-0.0,-0.0009
0.24708,-0.0,-0.001
-0.20847,0.0,0.00037
0.30658,0.17445,0.44713
0.22485,0.0,0.00136
-0.56393,0.0,-7e-05
0.10728,0.0,-3e-05
0.22199,-0.51639,-0.00069
0.21961,0.0,-0.00035
-0.43748,-0.0,0.00261
0.21751,-0.0,0.00034
-0.26965,-0.0,-0.00144
0.19683,-0.0,0.00058
-0.41578,-0.0,0.00128
-0.68167,0.0,0.00021
-0.19143,-0.0,0.00234
0.27914,0.0,-0.0004
-0.04847,0.0,0.00108
0.14773,0.0,0.00033
0.33663,0.46545,1.17296
0.19643,-0.0,-0.00199
-0.37409,0.0,-0.00188
0.15161,0.0,-0.00022
0.04404,-0.0,0.00078
-0.51663,0.0,-0.00031
0.30811,0.0,0.00092
0.28368,0.0,-0.00056
0.08258,0.0,0.00027
0.23393,0.0,-0.00238
-0.04179,0.0,-0.0025
0.11107,0.0,-0.00072
0.05026,-0.0,0.00084
-0.01146,-0.0,0.00152
-0.44643,-0.0,-1.69783
-0.12398,-0.25623,0.00075
0.15909,-0.0,-0.00138
0.06472,-0.0,0.00031
-0.26335,-0.0,-1.13517
-0.08993,0.0,6e-05
0.29321,0.0,0.00098
-0.22395,-0.0,-0.00172
-0.49247,0.0,0.00167
-0.23622,-0.0,-0.00049
-0.19143,0.0,-0.00051
-0.59276,0.0,-1.27505
0.26095,0.0,-0.00066
0.22658,0.0,-0.00242
-0.41364,0.0,-0.00047
-0.5203,-0.0,-0.00161
0.18418,-0.0,0.00308
-0.28114,-0.0,-0.00182
0.1677,0.0,-0.00065
0.14273,0.0,0.00036
-0.18876,-0.0,0.00125
-0.04232,0.0,-0.00061
0.16375,-0.0,0.00053
0.08959,0.0,0.00105
0.37458,-0.0,0.99503
-0.38329,0.0,0.00277
-0.32016,0.0,-0.00027
0.31601,0.0,-0.00016
0.34795,-0.0,-0.00125
-0.00086,0.0,0.00233
0.16934,0.0,0.00012
-0.20077,-0.0,0.00047
-0.23534,0.0,0.00068
-0.07073,-0.0,0.00226
0.16733,0.0,-0.00127
0.22677,0.0,-0.00085
0.18053,-0.0,0.00179
-0.03754,0.0,0.00076
0.12865,-0.0,0.00109
0.34587,-0.0,-9e-05
-0.42517,-0.0,0.00092
-0.53289,0.0,0.0013
-0.39547,0.0,0.00075
0.3063,0.0,0.00218
-0.53662,0.0,0.00025
0.0467,0.0,-0.00064
0.28108,0.05584,0.00141
-0.38242,0.0,-1e-05
0.14281,0.0,-0.00063
0.04503,-0.0,-0.00047
-0.19203,-0.0,0.00043
-0.46888,0.0,0.00194
0.00787,0.0,-0.00109
0.07995,-0.0,-0.00035
-0.09461,0.0,0.00018
-0.14707,-0.23066,-0.00045
0.12297,-0.0,-0.00106
-0.15536,-0.0,0.0011
-0.12018,0.0,-0.00161
0.05524,-0.0,-0.00087
-0.85569,0.0,-0.00068
0.42813,0.0,-0.00133
0.18263,0.0,-0.00072
-0.00939,0.0,0.00057
0.19022,-0.0,0.00042
-2.4476,0.0,-1e-04
-0.17955,-0.0,-0.0014
-0.91248,-0.0,0.0019
-0.22121,0.0,1e-04
0.15261,-0.0,0.00043
0.19679,0.0,0.00016
0.15149,0.0,0.00076
-0.08708,0.0,-0.00139
0.18915,-0.00889,-0.00088
-0.96697,0.0,-0.00047
1.79724,-0.02865,-0.00823
-0.00342,-0.0,0.00149
-0.13625,0.0,-0.00124
-0.01401,-0.0,-0.00221
-0.92995,0.0,0.00186
-1.20152,-0.0,-0.00092
0.19925,-0.0,-0.43064
-0.38046,0.0,0.00069
-0.91846,0.0,0.00012
-0.18797,-0.0,-0.00037
-0.13911,-0.0,0.00134
-0.17958,0.14176,-0.0003
0.18948,-0.0742,0.00045
0.1533,0.0,1.14187
-0.02658,-0.0,4e-05
0.05131,0.0,0.00177
-0.04423,-0.0,-0.001
-0.10961,0.0,0.00069
-0.20788,-0.0,-0.00042
2.84553,0.0,-0.00243
-0.31971,0.0,-0.00151
0.13027,-0.0,0.00037
0.40151,0.0,0.00116
0.18269,-0.05056,0.0004
-0.16899,-0.0,-0.00014
-0.192,-0.0,0.00199
-0.35193,0.0,-0.00051
2.09302,-0.1471,0.00075
-0.14711,-0.0,0.00318
-0.16344,-0.0,-0.00338
-0.12376,-0.0,-0.0003
0.17117,0.0,-2e-05
0.15989,-0.0,0.00052
0.13382,0.0,-0.00271
-0.98035,0.0,0.00146
0.40944,0.0,-0.00228
0.04318,0.0,-7e-05
0.07154,0.0,-0.00064
-0.03947,0.0,-0.00258
0.17342,-0.03071,-0.5037
0.10838,0.0,0.00116
0.15639,-0.0,-0.00214
0.04665,-0.0,0.0003
0.47401,-0.0,0.00054
-0.18109,0.0,-0.00177
0.19297,0.0,0.00095
0.16231,0.0,0.0006
-0.15457,0.0,0.00015
-0.1179,0.0,-0.002
0.02361,-0.0,3e-05
0.02669,0.0,-0.00134
-0.96798,0.0,0.00091
-0.75689,0.0,0.00228
0.17599,-0.0,0.20572
0.33151,0.3589,0.0007
-0.23719,0.0,0.00046
-0.83526,0.0,-0.00051
0.11442,0.0,0.28105
-1.72929,-0.0,0.00146
0.16663,-0.0,-0.0016
0.39372,-0.0,-0.00106
-0.0694,-0.0,0.00017
0.3883,0.0,0.00104
0.16746,0.0,-0.0025
-0.10565,-0.0,-0.09496
0.12383,0.0,-0.00051
-0.12891,-0.0,-0.00148
0.17728,-0.0,0.00032
0.19591,0.0,0.00375
-0.10472,0.0,-0.00091
0.12211,0.0,-0.00281
0.09715,-0.0,6e-05
0.07853,0.0,-0.00093
0.33722,-0.0,-0.00184
-0.0408,0.0,5e-05
-0.1092,0.0,-0.00122
0.02161,0.0,0.00062
0.10685,-0.0,-0.01196
0.01894,0.0,0.00029
0.16469,0.0,-0.00087
-0.03899,0.0,0.00022
0.06627,0.0,0.0007
-0.07948,0.0,-0.00114
0.03217,0.0,0.00125
0.38968,0.0,-0.00034
0.41844,0.0,0.00071
0.19712,-0.0,-8e-05
-0.10325,-0.0,-0.00113
-0.129,-0.0,0.00037
-0.10058,-0.0,-0.00448
-0.03095,-0.0,-0.00087
-0.06796,0.0,0.00062
-0.10366,-0.0,8e-05
0.03022,0.0,0.00106
-0.16552,0.0,0.00202
-0.16687,-0.0,-0.00259
-0.08022,-0.0,-0.00127
-0.1497,-0.0,-0.00175
-0.85981,-0.0,0.00102
0.1611,-0.0205,-7e-05
0.14637,-0.0,5e-05
0.12649,-0.0,0.00103
-0.91049,0.0,-0.00194
-0.28375,0.0,0.00403
0.11754,-0.0,-0.00095
