L2,L1
4.5e-05,-5e-06
-0.002474,-1.8e-05
0.017914,-2.6e-05
-0.059249,-0.225003
-0.000581,1.2e-05
-0.059914,-0.185699
0.018804,0.0
0.032057,0.122052
0.022996,2.7e-05
-0.014586,-1.5e-05
0.029924,-2.5e-05
-0.042246,-8e-06
-0.00213,2.1e-05
0.039771,0.051697
-0.038639,-0.084336
0.029345,-4e-06
0.054079,0.086699
0.057256,0.252274
-0.014308,-0.042046
-0.035749,-0.068397
0.011655,-2.3e-05
0.071654,0.06103
0.037306,-3.4e-05
0.014604,0.026084
-0.008433,-1.7e-05
0.066422,0.175928
0.014207,5e-06
0.022198,-1.7e-05
0.049569,0.054778
0.011926,1.1e-05
0.037254,0.027191
0.014821,1.8e-05
-0.032441,-0.0684
0.01531,-6e-06
-0.043022,-0.092121
0.06226,2.9e-05
-0.018408,0.074485
0.036448,0.035784
0.044102,0.030977
0.043358,0.067865
0.065378,0.121495
-0.030553,-0.093158
0.010184,1.5e-05
0.015472,0.00189
0.021963,-2.3e-05
-0.015415,2.2e-05
0.105581,0.088914
0.061221,0.138931
-0.058457,-0.203988
0.036024,-1e-06
0.030007,0.043187
0.069814,0.154814
-0.029938,3e-05
0.05426,0.128899
-0.00221,-1e-06
-0.020044,1.1e-05
0.023401,5e-06
-0.002915,-1.1e-05
-0.022583,3.3e-05
0.038078,0.041244
-0.000621,-2e-05
-0.011455,2.8e-05
0.113057,0.128482
-0.026598,9.8e-05
-0.042956,-0.120424
-0.038842,3.9e-05
0.012664,-1.3e-05
-0.040562,-0.103923
0.0074,2.2e-05
0.03531,0.019575
0.024328,-2.2e-05
0.075713,0.268577
0.000156,2e-06
-0.030459,6e-05
-0.001315,-1e-06
-0.000611,-2.9e-05
-0.063147,-0.272853
-0.063778,-0.021288
0.062255,0.086391
-0.00069,1e-05
0.027482,2e-06
0.006356,1.2e-05
0.045029,-9e-06
-0.04266,1.1e-05
-0.027236,-0.085739
-0.011332,-1.7e-05
-0.001262,-9e-06
-0.061948,-0.324674
0.030638,0.038466
0.066093,0.171431
-0.039897,-0.208283
-0.032399,-7e-06
0.058013,0.104321
-0.031432,-3e-06
0.107854,0.035295
-0.022538,-1e-05
-0.000255,1.7e-05
-0.000465,-1.3e-05
0.083191,0.262918
0.00355,-1e-05
0.018713,0.092999
-0.019187,-2.8e-05
-0.007119,2.7e-05
0.028334,0.039759
0.033767,0.0878
-0.000635,-3e-05
-0.021378,6.8e-05
-0.008719,5e-06
-0.003663,1.7e-05
0.029976,-1.6e-05
0.060452,0.124608
0.033301,0.026618
0.016864,1.9e-05
-0.000627,9e-06
-0.006075,-2.9e-05
0.017718,0.100276
0.02744,-8e-06
-0.032776,-0.08351
-0.001191,2.3e-05
0.070245,0.041372
-0.029732,-0.092204
-0.002063,1.4e-05
0.000746,2.9e-05
-0.0272,1.2e-05
-0.065377,-0.036753
0.038808,1.7e-05
-0.034596,2.5e-05
0.02888,-2e-05
-2.3e-05,1.3e-05
-0.006134,3e-06
-0.038137,-1e-05
-0.006465,-4.2e-05
0.000227,-0.0
-0.006496,-2.3e-05
-0.046337,-2.1e-05
-0.060393,-2.5e-05
-0.059163,1.8e-05
0.048316,4e-06
-0.074294,2e-05
0.159139,0.357016
-0.002597,2.9e-05
-0.136521,-0.203261
-0.00419,-0.0
-0.075288,-0.024789
-0.138943,-0.240047
-0.147081,-0.343739
0.053605,-1e-05
-0.003885,4e-06
0.044084,2.5e-05
-0.017228,-1.3e-05
-0.096014,-0.045477
0.006568,-1.3e-05
0.043129,6e-06
-0.170633,-0.405453
-0.043766,-0.013421
-0.076616,-0.056621
-0.127308,-0.221694
0.014132,2.1e-05
-0.088041,-0.025356
-0.038134,-0.011438
-0.004126,-1.4e-05
-0.054954,1.6e-05
-0.005445,2e-05
-0.014951,-2.1e-05
0.116809,0.207818
0.054677,0.057681
-0.113405,-0.136475
-0.111513,-0.11007
-0.16806,-0.316931
-0.003336,-3.2e-05
0.006203,2.7e-05
-0.034667,-1.9e-05
-0.050086,-1.5e-05
0.007031,-5e-06
-0.025429,-1.8e-05
-0.157275,-0.301364
-0.006567,-4.2e-05
-0.008644,2.7e-05
0.044351,9e-06
-0.179517,-0.357922
-0.003261,-2.7e-05
-0.139363,-0.187064
0.002139,2.4e-05
0.095063,0.142533
-0.062187,-0.041571
-0.002357,-1.1e-05
0.005293,0.073254
0.045256,0.059215
0.001705,2e-05
0.055069,0.014615
-0.027237,-1.8e-05
0.129379,0.256836
-0.003116,1.9e-05
0.139012,0.25499
-0.030164,-1.1e-05
-0.005449,-1.8e-05
-0.012711,-2.7e-05
-0.082356,5e-06
-0.08413,-4e-06
-0.194567,-0.393157
-0.000377,2.7e-05
0.114576,0.170324
-0.004873,-0.012005
-0.005131,-0.007919
-0.006884,-6.4e-05
0.211313,0.372642
-0.159959,-0.248071
-0.003654,2.8e-05
-0.074551,-0.097054
-0.018499,-1.7e-05
-0.010801,-0.0
0.136383,0.134439
-1e-04,0.0
0.037422,3e-06
0.001083,-2.2e-05
-0.006726,-0.000109
-0.078745,-0.089516
-0.169984,-0.259995
0.001624,-4.2e-05
-0.003775,-1e-05
-0.149069,-0.274908
-0.025225,2.4e-05
-0.025957,-2.3e-05
0.086331,0.062601
0.001602,1.9e-05
-0.002272,3e-06
-0.213939,-0.574268
0.000707,-2.9e-05
-0.029546,-2.7e-05
-0.002564,-7e-06
0.009652,-1e-05
0.063542,0.043106
0.040146,0.005828
-0.000882,1e-05
0.084736,0.160498
0.037838,0.043902
0.017848,0.02751
-0.104099,-0.096247
-0.155253,-0.328342
-0.085779,-0.047473
0.020045,-1.4e-05
-0.00235,2.5e-05
0.044584,1e-06
0.01943,-3e-05
-0.070733,-0.007349
-0.003587,-2.6e-05
-0.00082,-2.8e-05
-0.016883,-2.3e-05
-0.004362,-2.3e-05
-0.004392,-1e-06
-0.003127,-1.5e-05
-0.002965,-1.8e-05
0.23751,0.636269
-0.099613,-0.087594
-0.034668,-0.008101
-0.073848,-2.3e-05
