residual,seed,epoch,train,val
True,0,1,0.5023199915885925,0.6227999925613403
True,0,2,0.8293200135231018,0.8485999703407288
True,0,3,0.8928800225257874,0.8245999813079834
True,1,1,0.5469599962234497,0.7991999983787537
True,1,2,0.854640007019043,0.8483999967575073
True,1,3,0.9031999707221985,0.8450000286102295
True,2,1,0.5117599964141846,0.48579999804496765
True,2,2,0.4972800016403198,0.48579999804496765
True,2,3,0.4975999891757965,0.48579999804496765
False,0,1,0.5001599788665771,0.51419997215271
False,0,2,0.49535998702049255,0.51419997215271
False,0,3,0.4962399899959564,0.51419997215271
False,1,1,0.5011199712753296,0.51419997215271
False,1,2,0.4986400008201599,0.48579999804496765
False,1,3,0.4984799921512604,0.48579999804496765
False,2,1,0.49807998538017273,0.48579999804496765
False,2,2,0.5060799717903137,0.48579999804496765
False,2,3,0.5608000159263611,0.48579999804496765
