seed,epoch,accuracy,loss,val_accuracy,val_loss
0,1,0.0918,5.8206,0.1158,5.3446
0,2,0.1269,5.217,0.1392,5.0148
0,3,0.1457,4.8999,0.149,4.8663
0,4,0.1591,4.6791,0.1546,4.7966
0,5,0.1713,4.5033,0.1607,4.7596
0,6,0.1812,4.3526,0.1652,4.7507
0,7,0.1898,4.2079,0.1698,4.7608
0,8,0.1993,4.0756,0.1711,4.7874
0,9,0.2092,3.9503,0.1686,4.8287
1,1,0.0917,5.8127,0.1169,5.3486
1,2,0.1272,5.2279,0.1412,5.0044
1,3,0.146,4.8963,0.1505,4.8577
1,4,0.1602,4.6756,0.158,4.7781
1,5,0.1703,4.5022,0.1634,4.7378
1,6,0.1807,4.3481,0.1671,4.7252
1,7,0.1908,4.2068,0.1696,4.7368
1,8,0.2007,4.0721,0.1688,4.7667
1,9,0.2102,3.9454,0.1687,4.8077
2,1,0.0914,5.8148,0.1221,5.3158
2,2,0.1303,5.1761,0.1393,4.9846
2,3,0.1461,4.8628,0.1518,4.8501
2,4,0.161,4.6491,0.1555,4.7836
2,5,0.1719,4.4737,0.1623,4.7479
2,6,0.1818,4.3175,0.1639,4.7346
2,7,0.1928,4.1734,0.1651,4.7437
2,8,0.2024,4.0401,0.1652,4.771
2,9,0.2133,3.912,0.1657,4.8142
3,1,0.0906,5.8185,0.1152,5.365
3,2,0.1275,5.2141,0.1376,5.0043
3,3,0.1453,4.8835,0.1472,4.8729
3,4,0.1582,4.6643,0.1537,4.8005
3,5,0.1698,4.4892,0.1587,4.7663
3,6,0.1799,4.3389,0.1636,4.7474
3,7,0.1896,4.1947,0.1653,4.7519
3,8,0.1988,4.0612,0.1661,4.7741
3,9,0.2077,3.9361,0.1652,4.8108
4,1,0.0904,5.8167,0.1167,5.3494
4,2,0.1274,5.2072,0.1373,4.9923
4,3,0.1447,4.8746,0.148,4.8423
4,4,0.1602,4.6453,0.1571,4.7636
4,5,0.1732,4.4571,0.1639,4.7231
4,6,0.1845,4.2929,0.1679,4.7101
4,7,0.1954,4.1399,0.1704,4.7224
4,8,0.206,3.9985,0.1722,4.7487
4,9,0.2167,3.8659,0.173,4.7923
