step,prefix,next_word,next_p,next_rank,rank,word,p
1,but,the,0.2316,1,1,the,0.2316
1,but,the,0.2316,1,2,he,0.1645
1,but,the,0.2316,1,3,she,0.082
1,but,the,0.2316,1,4,when,0.0566
1,but,the,0.2316,1,5,they,0.0357
2,but the,fish,0.0001,642,1,king,0.0734
2,but the,fish,0.0001,642,2,little,0.0332
2,but the,fish,0.0001,642,3,old,0.0294
2,but the,fish,0.0001,642,4,wolf,0.0231
2,but the,fish,0.0001,642,5,young,0.0204
3,but the fish,said,0.0433,4,1,was,0.1324
3,but the fish,said,0.0433,4,2,had,0.09
3,but the fish,said,0.0433,4,3,came,0.074
3,but the fish,said,0.0433,4,4,said,0.0433
3,but the fish,said,0.0433,4,5,who,0.0413
4,but the fish said,pray,0.0016,87,1,to,0.1547
4,but the fish said,pray,0.0016,87,2,i,0.0938
4,but the fish said,pray,0.0016,87,3,the,0.0637
4,but the fish said,pray,0.0016,87,4,he,0.0619
4,but the fish said,pray,0.0016,87,5,she,0.0259
5,but the fish said pray,let,0.0127,15,1,be,0.0707
5,but the fish said pray,let,0.0127,15,2,i,0.0491
5,but the fish said pray,let,0.0127,15,3,do,0.0448
5,but the fish said pray,let,0.0127,15,4,you,0.0445
5,but the fish said pray,let,0.0127,15,5,have,0.0348
6,but the fish said pray let,me,0.231,2,1,you,0.2924
6,but the fish said pray let,me,0.231,2,2,me,0.231
6,but the fish said pray let,me,0.231,2,3,the,0.0783
6,but the fish said pray let,me,0.231,2,4,us,0.0516
6,but the fish said pray let,me,0.231,2,5,him,0.049
7,but the fish said pray let me,live,0.0022,80,1,shudder,0.086
7,but the fish said pray let me,live,0.0022,80,2,i,0.064
7,but the fish said pray let me,live,0.0022,80,3,go,0.0609
7,but the fish said pray let me,live,0.0022,80,4,be,0.0364
7,but the fish said pray let me,live,0.0022,80,5,you,0.025
