x1,x2,y
-0.5206672495978181,-0.8590905367401287,0
-0.12331573115476516,-0.4336466614782729,1
0.036562677893767756,0.34224385403442,1
-0.15946251112520674,-0.23838070334907385,1
0.26708240850751075,1.0282310434882584,0
-0.15022391721064815,-0.4222589724636314,1
0.8484589225656813,0.31972536052651546,0
0.8249574994992165,0.48985031717153343,0
-0.39991602950186733,-0.1365695697290662,1
-0.8637911434113784,-0.4987366661955673,0
0.4417663630984515,-0.11110129046696382,1
0.6432304680103312,-0.9013868820691804,0
0.18024800783536163,0.9328256127495161,0
-0.22711414976851818,-0.34223102250272264,1
-0.134102790557814,-1.1488234740417629,0
-1.0045017490231927,-0.4337521206718965,0
-0.3696297009493936,-0.9019733448575911,0
0.8730090071989397,-0.3112390320310472,0
0.8268838800251512,-0.36701743566625744,0
-0.7634261458157707,-0.7280783871512065,0
0.10995951756622013,0.8857089243011703,0
0.9040119779516212,0.19656147622518505,0
0.3457361414839839,0.15112890942864282,1
-0.022143837457700932,0.2978697267810163,1
-0.3621011077091747,0.21089125469637202,1
-0.8824707928792744,-0.5638905674982633,0
-0.1488106585546638,0.19567885169703625,1
-0.26248303785925187,0.33478526269325287,1
0.13703435111741175,-0.4869762557673493,1
0.22094192099482962,-0.34386303757043657,1
0.5914905183017034,-0.6320311007646987,0
-0.34248207924572915,0.4477943420737875,1
-0.043343512691353864,-0.21232168451458616,1
0.31958859344856305,0.09402919760890545,1
0.20513268204242285,0.3335588375526145,1
0.17280368872506918,0.330049290050553,1
-0.31044115097015057,-0.24161025524130267,1
0.3302482633843667,-0.11719369183486411,1
-0.9421689346279885,0.03782892965482157,0
-0.17972005608853941,-0.9452641207645112,0
0.34590181423115507,0.26321719339127664,1
-0.9108203155575814,0.31753105000604775,0
-0.06275376328218886,0.9497792239749328,0
0.8224671537701546,0.5781159496375847,0
0.3874675362843371,0.05128972299523715,1
-0.4682517723650589,-0.2975998016717243,1
0.7269780589452608,-0.6765208061929748,0
0.009268631096292258,-0.9491324005202064,0
-1.1608798144400136,0.022501215993298032,0
0.23211731321111365,0.36932441227204654,1
-0.4795765222700308,-0.10563123484781005,1
0.2027928187530737,-0.2657115637591392,1
0.8579524487523077,-0.5293368539562143,0
-0.5594602986554154,0.1711009587102079,1
0.32576437316074686,0.04473052526250264,1
1.0293129303149344,0.5644547665298695,0
0.46380216816678854,0.1560128284322906,1
-0.0985885475035225,0.2129989409975389,1
-0.1799226556701401,-0.13981632472238262,1
-0.00026972515749620896,0.37339352686325744,1
-0.9619679426704093,0.3465239462506325,0
0.4394312681239276,0.30873592527330107,1
-0.19681266768168715,0.16913439116436205,1
-0.6615080044048582,0.7388765726121694,0
-0.2383273580360723,-0.22339141281176386,1
0.7052663548547096,0.771693615463564,0
0.3632873811886716,0.0782182458265424,1
0.3522701952861472,0.28864234511633197,1
0.4969821435607485,-0.7913558204802281,0
0.4198156232610585,-0.08738111537430554,1
-0.2098888415924026,-0.8422455450778905,0
-0.15298992448333937,0.3868812410157289,1
-0.48336366637393374,0.03787737090750574,1
-0.6893263902344662,0.641509772759385,0
1.2202992590040966,0.1454720309184392,0
0.36308740484403906,-0.105067729377294,1
0.46506419058616655,-0.22563409650401775,1
0.30693250389987653,0.25747607838529163,1
0.9510682288087235,-0.20219823664380604,0
-0.39368533388599064,0.016565996229704002,1
-0.316022198844837,-0.755013863019321,0
0.46965125179361233,0.6903370082389605,0
0.272784023943915,-0.3704182649103739,1
-0.0321952046287506,-1.0255574518823103,0
0.3098687920043003,-0.09287318688194646,1
0.8083989744537764,0.8601381206757787,0
0.33713467364881905,1.0323473112253416,0
-0.025156486640010536,0.4035459597402329,1
0.5544039583303718,-0.8407253449173497,0
-0.9547756551690502,0.2648652633129611,0
0.28500495431871686,-0.5505353224881618,1
-0.43444305238824854,-0.07046749169170255,1
-0.020719983123356336,0.3364207149024954,1
-0.9550878842703581,0.5161104614778,0
0.7610198955333184,0.557449164302265,0
-0.4434486723069236,0.005975200882267481,1
0.3134287537353411,-0.8803356705479807,0
0.8948739021324763,0.7938831413360813,0
-0.7242163995440118,-0.4489091681459877,0
0.5217717712806329,-0.06547510882085605,1
0.7437282113857144,-0.6103721908787579,0
0.5103603711886083,0.8331721030700773,0
0.2431772476592184,-0.26035367465629206,1
-0.4971009165054521,-1.0230603892202486,0
0.33665332123043923,0.12239976140860609,1
0.15626852313911588,-0.4139120843912475,1
0.02859672126045605,0.29405495143566407,1
-0.49488180358681794,0.08145278516312736,1
-0.967605128483214,0.20032509100452,0
0.3495129564657468,0.23313198729555773,1
0.24120802628251628,-0.9786538054185272,0
-0.36076428464045623,1.166849840746495,0
1.0036835200866236,-0.07214505670058347,0
-0.43337835481859177,-0.019274239263002927,1
0.9998351126010556,0.38219096520629137,0
-0.66937292487942,-0.7068988089840755,0
-0.4408222838186865,-0.8281919810598815,0
0.059199234688305326,0.5176545767487595,1
0.18830433293961724,0.3866492198309383,1
1.116294238936933,-0.024692399449042945,0
1.0349924131977375,-0.5504577530590316,0
1.0963689852021554,0.18185758148553663,0
-0.9980151537192129,-0.20985421700281706,0
-1.0348761258819936,0.23230235197075183,0
-0.08301308000824349,0.2846985480992301,1
0.13048430265624575,-1.110936692046869,0
0.14843583558572562,0.2904970919257185,1
0.1884886235302822,0.43053150154857156,1
0.15572686478983014,-0.9987820323037837,0
0.23395999130236206,-0.33284153011084583,1
0.9251414056359136,-0.27831759742023515,0
0.26554782773707847,-0.30781703944346145,1
0.18312987027836172,0.5195665887210049,1
-0.29673866803849497,0.3116577773651915,1
-0.8498404723360834,-0.6695394474742489,0
-0.27117570975961824,-0.4416809320468984,1
1.0926531523255671,0.16526335783532697,0
0.1049019753628429,0.9880108330111472,0
0.2996613370653106,-0.14269476162762107,1
-0.4462018047545083,0.862088719871646,0
0.12483976021970344,0.3443031886690993,1
-0.32747588627164664,-0.14035028742471536,1
0.3900765126090615,-0.20089826196117777,1
-0.046120035077608736,0.4577862565307688,1
-0.501050889962066,1.072349817901339,0
-0.21391048036082427,0.8361339031678273,0
-0.4672073815794533,-0.044226528850864866,1
-0.7711177076801299,0.6068780153349002,0
1.0956246948827668,-0.13488669192153585,0
0.3048028008410629,-1.1934638298337636,0
-0.0032744649272789944,-0.3625364832995272,1
-0.1487190477114151,-0.8488141235642592,0
0.0675058368256905,-0.5300932589023235,1
0.33377122125273223,0.4242317578096503,1
-0.2402378863025752,0.3450544924729482,1
-0.2612891748891606,0.33459091220414305,1
1.0799291433781788,0.04518012507805471,0
0.7373011719046054,-0.41102014603775566,0
-0.24166168345559141,-0.9195287551641907,0
0.17633500237734562,-0.543625769366957,1
0.21022368816250153,-0.3987549719824715,1
-0.1347884706871395,-1.033666162991077,0
0.9858458319300312,0.4402243088726391,0
-0.32464381800942455,-0.052722371531821646,1
0.21223699182956127,-0.2611053155097122,1
0.057171746734332035,0.3691570304906054,1
0.7058733956191829,0.7906125781094223,0
0.2297912639627906,-0.19772878224384963,1
0.11608117210216759,-0.15984834275176488,1
-0.5183562997166031,0.0922068824921023,1
0.2605167373500208,-1.0617326621165426,0
-0.2589853661072313,-0.40347904919429445,1
0.36400836384108626,0.05040237691055752,1
-0.14543783617243145,-0.4682105025711061,1
-1.1278685452109525,-0.025736070462282018,0
0.03600634585258192,-0.2914441216622222,1
-0.45168870031612096,1.0254776692462322,0
-0.10783408265355457,-0.9011047845823995,0
-0.27494239444347635,-0.4411916473118195,1
0.33795990350822547,-0.08612916166473188,1
0.15719060409290503,-0.502883300296614,1
-1.0394802651007213,-0.11429786373809284,0
0.15939931637862476,-0.26561087211907175,1
0.8119251902407456,-0.8343913296637356,0
0.2910998681981881,-0.41528715447093717,1
-0.1311545515837489,-0.8759876488852348,0
0.23125103896271929,-0.19581163237961868,1
-0.263958085525675,0.11957194653618486,1
0.15935524330540213,1.0833612664661827,0
-0.5437552658807698,-0.6518023070156161,0
0.03683294692608335,0.28160071760544486,1
-0.4179240422161485,-0.1264565956853882,1
-0.9127125641998928,0.5180516641536257,0
0.9435598782550759,-0.12353957670388112,0
0.44611802414173385,0.9978261185117614,0
-0.4461110111861058,-0.7145754062794466,0
0.28324220966177904,0.11557325334921423,1
0.01270010602023764,0.612717546975653,1
-0.42284380555214734,0.035637158846703675,1
0.97305245073825,-0.12027597992992269,0
-1.0082977748076611,0.5187771667155522,0
-0.14830138915709512,1.0241088725742948,0
-0.2772696484754052,-0.33043211554397095,1
0.2805820495530371,0.18464001370221905,1
0.9788326646770252,-0.24146504323844845,0
0.948302832222573,0.4844828035215891,0
-0.7550982629043742,0.6392621853462535,0
0.22128575108515125,0.30248168597082825,1
-0.4026305102063269,0.005633867515601205,1
-0.19191404136382156,-0.1386459380001705,1
-0.32505775676496396,-0.1764198575051915,1
-0.2098255627648289,0.19392566389334243,1
-0.4881749499506985,0.15169743546566514,1
0.9398703575503133,-0.14482923338329118,0
0.503346341101996,-0.7558631880540327,0
-0.768654417987879,0.7494623495026983,0
0.8623144035631345,0.5080634670556105,0
-0.31422647670997006,0.2900989557344933,1
-0.3358843919953551,0.2928136812219752,1
0.0635160859394418,-0.4374664986961385,1
-0.2630206205997116,-0.15137904598861687,1
0.20696735328083782,0.05599270436877112,1
-0.9097524670290841,-0.663176023124543,0
0.2710553625871617,-0.3428260405335497,1
-0.17779191578402634,0.22807146429567465,1
1.0333850842765069,-0.20162303542064755,0
-0.5599048686160546,-0.7006740230978532,0
0.43815309504368827,-1.0003232028459466,0
-0.20524572217245243,-0.16489087077449766,1
-0.672413431456405,0.6387246157475561,0
-0.9896943324263426,-0.31037866414041443,0
0.12156355970484883,0.05152682489483314,1
-1.0251428616784817,0.3477384827403731,0
0.7520753751469319,-0.7403999254883483,0
-0.39929392992560403,0.14261544709187063,1
-0.8305398590885835,0.7077177127906781,0
0.5394280507094398,0.6983181009023494,0
-0.4111969237482877,0.21772505064432837,1
-0.702110863712047,-0.41297078373016866,0
-0.861961664329755,0.17814256294475533,0
-0.4578772654513696,-0.03189439965992706,1
0.9299709759179646,-0.6101251137107733,0
-0.8994981160718978,0.4866384450712403,0
0.006325364585073878,0.937716806653377,0
-0.33450941545755186,1.104781190875226,0
0.7199396918684716,-0.5629679386881955,0
-1.0961432427326279,0.04147197829996372,0
-0.12095012934437284,-0.2874479587361185,1
-0.45351467162633147,-0.15948680041437505,1
0.5098056584949695,1.0460268545994786,0
0.3795843063022119,0.9126940606457072,0
-0.25114552683433594,1.119137021622924,0
-0.6550692560910313,-0.678909614318877,0
-1.120431040469692,-0.23849621582020064,0
0.05059888449266128,0.17326620462983752,1
0.06696430053215349,-0.43383411639230474,1
-0.1378858009211653,-0.4443106583102987,1
-0.06597616581207619,0.25262723668522125,1
-1.0312003006867132,0.08163469660126085,0
-0.2628598601590156,-0.3687994172730209,1
-0.43238163860207546,-0.31657463641612454,1
-0.3063185420696065,-0.1835229135057434,1
0.7596342744202568,-0.6119831227164731,0
-0.5373674155998218,0.8830705693262335,0
-0.1987813635188031,0.354692153660384,1
0.4626235882878804,-0.2962172709811534,1
0.5228188700138692,-0.5994292542040891,0
-0.43104946726580545,0.8359900893925394,0
-0.27348377535472657,-0.15484161854302972,1
-0.5716518376518968,0.8536238611718213,0
-0.8717970866452887,-0.29966570745514604,0
0.210056880689557,0.9259690079945408,0
0.18205365831769366,-0.9154046491454361,0
-0.2747019579640649,0.175077157183333,1
0.045362185793051374,0.36313760553704366,1
-0.9799596950498456,-0.5752069670224167,0
-0.36659098012471913,-0.47387746787561885,1
-0.6713397564785907,0.7793720412073335,0
0.06631460389741932,1.04595872541274,0
0.030269240665087627,0.9324244318337493,0
-0.6464336818512215,0.7796125970341485,0
0.0019554303035561535,-0.3384439690002319,1
-0.2964360426310549,-1.0792649255006221,0
-0.08417095120353518,0.35953358144921455,1
0.2191575699987623,0.2443979509006132,1
0.020579542181488802,-0.9052921090715019,0
0.5185358954807515,-1.017645534873689,0
-0.4937625156837546,0.37215038687374613,1
0.19455025387664457,-0.11029207600193863,1
-0.2616128964925265,0.8662313239542101,0
-0.3639671195778561,0.3005006793894363,1
0.38016912570826955,0.033922575292339385,1
-0.5264016472357544,-0.6073264559666852,0
0.19243281511071794,0.2747820961238452,1
-0.014583687804674636,-0.32130610245495345,1
-0.9875779185099847,0.11925225027268449,0
0.7114750540043036,0.8270391034842929,0
-0.9467276932627824,0.2143872649485028,0
0.8061882899838939,0.5563810358927542,0
0.16344908329875688,0.3192236305408648,1
