model,seed,params,sec_per_epoch,train_loss,bleu_all,bleu_11plus
Bahdanau (concat),0,8422420,52.78645324707031,0.752851830997955,25.246825089229503,20.551335581857565
Bahdanau (concat),1,8422420,51.060340881347656,0.796053565641456,23.84817732163775,18.525146202350168
Bahdanau (concat),2,8422420,48.8933424949646,0.752432167402971,26.33055312972077,20.912729205921725
Luong dot,0,5664532,31.713643074035645,0.7952329859550573,31.86894020284074,27.205748845809154
Luong dot,1,5664532,20.04832148551941,0.791930651232632,30.8784116417348,26.0907441111206
Luong dot,2,5664532,13.588922500610352,0.8035673466064274,32.06115580466824,27.060579024050696
Luong general,0,5730068,19.81926965713501,1.0622582475005438,17.713974481026163,12.493670975931254
Luong general,1,5730068,19.554060697555542,1.0521704051286174,17.88001674204347,11.904637639542965
Luong general,2,5730068,19.4268479347229,1.0750634471999048,17.44303714484776,11.443100685214901
