momentum,seed,epoch,loss,val_accuracy
0.0,0,1,1.9238617420196533,0.6650000214576721
0.0,0,2,1.124670386314392,0.788100004196167
0.0,0,3,0.7290146946907043,0.838699996471405
0.0,0,4,0.5646781325340271,0.8600000143051147
0.0,0,5,0.4788718819618225,0.8733000159263611
0.0,0,6,0.4268539547920227,0.883400022983551
0.0,0,7,0.39202409982681274,0.8880000114440918
0.0,0,8,0.36684802174568176,0.8934999704360962
0.0,0,9,0.3475419282913208,0.896399974822998
0.0,0,10,0.3319566547870636,0.8988000154495239
0.0,0,11,0.31894105672836304,0.9006999731063843
0.0,0,12,0.30780962109565735,0.9034000039100647
0.0,0,13,0.2981123924255371,0.9045000076293945
0.0,0,14,0.28949785232543945,0.906000018119812
0.0,0,15,0.28169283270835876,0.9071000218391418
0.0,0,16,0.2745462656021118,0.9090999960899353
0.0,0,17,0.2679313123226166,0.9093999862670898
0.0,0,18,0.26179659366607666,0.9104999899864197
0.0,0,19,0.25599774718284607,0.9121999740600586
0.0,0,20,0.2504871189594269,0.9132999777793884
0.0,1,1,1.9703840017318726,0.6398000121116638
0.0,1,2,1.1971832513809204,0.8122000098228455
0.0,1,3,0.7511992454528809,0.8510000109672546
0.0,1,4,0.5649107694625854,0.8729000091552734
0.0,1,5,0.47271010279655457,0.8833000063896179
0.0,1,6,0.4193117320537567,0.8880000114440918
0.0,1,7,0.38418716192245483,0.8930000066757202
0.0,1,8,0.35882484912872314,0.8967999815940857
0.0,1,9,0.33928182721138,0.9009000062942505
0.0,1,10,0.323337584733963,0.9054999947547913
0.0,1,11,0.30994942784309387,0.9082000255584717
0.0,1,12,0.2983773946762085,0.9110000133514404
0.0,1,13,0.2882203757762909,0.9132999777793884
0.0,1,14,0.2790987193584442,0.9150999784469604
0.0,1,15,0.27080604434013367,0.916100025177002
0.0,1,16,0.2631489336490631,0.9179999828338623
0.0,1,17,0.25603416562080383,0.9190999865531921
0.0,1,18,0.24936269223690033,0.9203000068664551
0.0,1,19,0.24308845400810242,0.9210000038146973
0.0,1,20,0.23715776205062866,0.9222999811172485
0.0,2,1,1.9175606966018677,0.6388000249862671
0.0,2,2,1.163729190826416,0.7775999903678894
0.0,2,3,0.7515692114830017,0.8281000256538391
0.0,2,4,0.5779429078102112,0.8569999933242798
0.0,2,5,0.48859483003616333,0.8715000152587891
0.0,2,6,0.43393194675445557,0.8794999718666077
0.0,2,7,0.39672526717185974,0.8845000267028809
0.0,2,8,0.3695226311683655,0.8885999917984009
0.0,2,9,0.3484753668308258,0.8925999999046326
0.0,2,10,0.33153367042541504,0.8970000147819519
0.0,2,11,0.3173326551914215,0.8996999859809875
0.0,2,12,0.30509963631629944,0.9014999866485596
0.0,2,13,0.29433438181877136,0.9035999774932861
0.0,2,14,0.28467896580696106,0.9057000279426575
0.0,2,15,0.2758834660053253,0.9074000120162964
0.0,2,16,0.2677646577358246,0.9089999794960022
0.0,2,17,0.2602156102657318,0.9106000065803528
0.0,2,18,0.2531498670578003,0.9121000170707703
0.0,2,19,0.2464824914932251,0.9132999777793884
0.0,2,20,0.2401888370513916,0.9150000214576721
0.9,0,1,0.8450714945793152,0.885699987411499
0.9,0,2,0.32832756638526917,0.9064000248908997
0.9,0,3,0.263401061296463,0.9147999882698059
0.9,0,4,0.22032380104064941,0.9236000180244446
0.9,0,5,0.18612588942050934,0.9304999709129333
0.9,0,6,0.15802951157093048,0.9344000220298767
0.9,0,7,0.13563020527362823,0.9387999773025513
0.9,0,8,0.11718335002660751,0.9402999877929688
0.9,0,9,0.10152122378349304,0.9427000284194946
0.9,0,10,0.08783739805221558,0.9437000155448914
0.9,0,11,0.07591173052787781,0.9442999958992004
0.9,0,12,0.06542836874723434,0.9448000192642212
0.9,0,13,0.056484874337911606,0.9445000290870667
0.9,0,14,0.04902910813689232,0.9442999958992004
0.9,0,15,0.04263870418071747,0.9442999958992004
0.9,0,16,0.037189628928899765,0.9459999799728394
0.9,0,17,0.032612357288599014,0.9472000002861023
0.9,0,18,0.028717122972011566,0.9488999843597412
0.9,0,19,0.025558991357684135,0.949400007724762
0.9,0,20,0.022572875022888184,0.9495999813079834
0.9,1,1,0.869562029838562,0.8931000232696533
0.9,1,2,0.3197948634624481,0.9099000096321106
0.9,1,3,0.2529350221157074,0.921500027179718
0.9,1,4,0.21058747172355652,0.9294000267982483
0.9,1,5,0.1775922030210495,0.9336000084877014
0.9,1,6,0.15122796595096588,0.9362999796867371
0.9,1,7,0.12966862320899963,0.9376000165939331
0.9,1,8,0.11200358718633652,0.9384999871253967
0.9,1,9,0.09708240628242493,0.9394000172615051
0.9,1,10,0.08421145379543304,0.9429000020027161
0.9,1,11,0.07341993600130081,0.944599986076355
0.9,1,12,0.06429123878479004,0.944100022315979
0.9,1,13,0.05605272948741913,0.9426000118255615
0.9,1,14,0.048543330281972885,0.9427000284194946
0.9,1,15,0.041892945766448975,0.944100022315979
0.9,1,16,0.03624811768531799,0.9469000101089478
0.9,1,17,0.031385499984025955,0.9483000040054321
0.9,1,18,0.027282433584332466,0.9491000175476074
0.9,1,19,0.023762088268995285,0.9495000243186951
0.9,1,20,0.02061610110104084,0.9501000046730042
0.9,2,1,0.848503828048706,0.8845999836921692
0.9,2,2,0.3224947154521942,0.9004999995231628
0.9,2,3,0.25115492939949036,0.9189000129699707
0.9,2,4,0.20312832295894623,0.9309999942779541
0.9,2,5,0.16791923344135284,0.9340999722480774
0.9,2,6,0.14202499389648438,0.9358000159263611
0.9,2,7,0.12205382436513901,0.9383000135421753
0.9,2,8,0.10616529732942581,0.9401000142097473
0.9,2,9,0.092228464782238,0.9405999779701233
0.9,2,10,0.08011027425527573,0.9419000148773193
0.9,2,11,0.06937646865844727,0.9419999718666077
0.9,2,12,0.059807609766721725,0.9420999884605408
0.9,2,13,0.05172732472419739,0.9435999989509583
0.9,2,14,0.04452567920088768,0.9442999958992004
0.9,2,15,0.03842673823237419,0.9451000094413757
0.9,2,16,0.03294913098216057,0.9462000131607056
0.9,2,17,0.028322119265794754,0.9474999904632568
0.9,2,18,0.024532677605748177,0.9480000138282776
0.9,2,19,0.021324103698134422,0.9480000138282776
0.9,2,20,0.018810750916600227,0.9487000107765198
